/*
 Navicat Premium Data Transfer

 Source Server         : tongyikeji
 Source Server Type    : MySQL
 Source Server Version : 50734
 Source Host           : www.cztaj.cn:3306
 Source Schema         : tongaikeji

 Target Server Type    : MySQL
 Target Server Version : 50734
 File Encoding         : 65001

 Date: 04/04/2024 19:49:24
*/

SET NAMES utf8mb4;
SET FOREIGN_KEY_CHECKS = 0;

-- ----------------------------
-- Table structure for QRTZ_BLOB_TRIGGERS
-- ----------------------------
DROP TABLE IF EXISTS `QRTZ_BLOB_TRIGGERS`;
CREATE TABLE `QRTZ_BLOB_TRIGGERS`  (
  `sched_name` varchar(120) CHARACTER SET utf8mb4 COLLATE utf8mb4_general_ci NOT NULL COMMENT '调度名称',
  `trigger_name` varchar(200) CHARACTER SET utf8mb4 COLLATE utf8mb4_general_ci NOT NULL COMMENT 'qrtz_triggers表trigger_name的外键',
  `trigger_group` varchar(200) CHARACTER SET utf8mb4 COLLATE utf8mb4_general_ci NOT NULL COMMENT 'qrtz_triggers表trigger_group的外键',
  `blob_data` blob NULL COMMENT '存放持久化Trigger对象',
  PRIMARY KEY (`sched_name`, `trigger_name`, `trigger_group`) USING BTREE,
  CONSTRAINT `qrtz_blob_triggers_ibfk_1` FOREIGN KEY (`sched_name`, `trigger_name`, `trigger_group`) REFERENCES `QRTZ_TRIGGERS` (`sched_name`, `trigger_name`, `trigger_group`) ON DELETE RESTRICT ON UPDATE RESTRICT
) ENGINE = InnoDB CHARACTER SET = utf8mb4 COLLATE = utf8mb4_general_ci COMMENT = 'Blob类型的触发器表' ROW_FORMAT = Dynamic;

-- ----------------------------
-- Records of QRTZ_BLOB_TRIGGERS
-- ----------------------------

-- ----------------------------
-- Table structure for QRTZ_CALENDARS
-- ----------------------------
DROP TABLE IF EXISTS `QRTZ_CALENDARS`;
CREATE TABLE `QRTZ_CALENDARS`  (
  `sched_name` varchar(120) CHARACTER SET utf8mb4 COLLATE utf8mb4_general_ci NOT NULL COMMENT '调度名称',
  `calendar_name` varchar(200) CHARACTER SET utf8mb4 COLLATE utf8mb4_general_ci NOT NULL COMMENT '日历名称',
  `calendar` blob NOT NULL COMMENT '存放持久化calendar对象',
  PRIMARY KEY (`sched_name`, `calendar_name`) USING BTREE
) ENGINE = InnoDB CHARACTER SET = utf8mb4 COLLATE = utf8mb4_general_ci COMMENT = '日历信息表' ROW_FORMAT = Dynamic;

-- ----------------------------
-- Records of QRTZ_CALENDARS
-- ----------------------------

-- ----------------------------
-- Table structure for QRTZ_CRON_TRIGGERS
-- ----------------------------
DROP TABLE IF EXISTS `QRTZ_CRON_TRIGGERS`;
CREATE TABLE `QRTZ_CRON_TRIGGERS`  (
  `sched_name` varchar(120) CHARACTER SET utf8mb4 COLLATE utf8mb4_general_ci NOT NULL COMMENT '调度名称',
  `trigger_name` varchar(200) CHARACTER SET utf8mb4 COLLATE utf8mb4_general_ci NOT NULL COMMENT 'qrtz_triggers表trigger_name的外键',
  `trigger_group` varchar(200) CHARACTER SET utf8mb4 COLLATE utf8mb4_general_ci NOT NULL COMMENT 'qrtz_triggers表trigger_group的外键',
  `cron_expression` varchar(200) CHARACTER SET utf8mb4 COLLATE utf8mb4_general_ci NOT NULL COMMENT 'cron表达式',
  `time_zone_id` varchar(80) CHARACTER SET utf8mb4 COLLATE utf8mb4_general_ci NULL DEFAULT NULL COMMENT '时区',
  PRIMARY KEY (`sched_name`, `trigger_name`, `trigger_group`) USING BTREE,
  CONSTRAINT `qrtz_cron_triggers_ibfk_1` FOREIGN KEY (`sched_name`, `trigger_name`, `trigger_group`) REFERENCES `QRTZ_TRIGGERS` (`sched_name`, `trigger_name`, `trigger_group`) ON DELETE RESTRICT ON UPDATE RESTRICT
) ENGINE = InnoDB CHARACTER SET = utf8mb4 COLLATE = utf8mb4_general_ci COMMENT = 'Cron类型的触发器表' ROW_FORMAT = Dynamic;

-- ----------------------------
-- Records of QRTZ_CRON_TRIGGERS
-- ----------------------------
INSERT INTO `QRTZ_CRON_TRIGGERS` VALUES ('RuoyiScheduler', 'TASK_CLASS_NAME1', 'DEFAULT', '0/10 * * * * ?', 'Asia/Shanghai');
INSERT INTO `QRTZ_CRON_TRIGGERS` VALUES ('RuoyiScheduler', 'TASK_CLASS_NAME2', 'DEFAULT', '0/15 * * * * ?', 'Asia/Shanghai');
INSERT INTO `QRTZ_CRON_TRIGGERS` VALUES ('RuoyiScheduler', 'TASK_CLASS_NAME3', 'DEFAULT', '0/20 * * * * ?', 'Asia/Shanghai');
INSERT INTO `QRTZ_CRON_TRIGGERS` VALUES ('TongaiScheduler', 'TASK_CLASS_NAME1', 'DEFAULT', '0/10 * * * * ?', 'Asia/Shanghai');
INSERT INTO `QRTZ_CRON_TRIGGERS` VALUES ('TongaiScheduler', 'TASK_CLASS_NAME2', 'DEFAULT', '0/15 * * * * ?', 'Asia/Shanghai');
INSERT INTO `QRTZ_CRON_TRIGGERS` VALUES ('TongaiScheduler', 'TASK_CLASS_NAME3', 'DEFAULT', '0/20 * * * * ?', 'Asia/Shanghai');

-- ----------------------------
-- Table structure for QRTZ_FIRED_TRIGGERS
-- ----------------------------
DROP TABLE IF EXISTS `QRTZ_FIRED_TRIGGERS`;
CREATE TABLE `QRTZ_FIRED_TRIGGERS`  (
  `sched_name` varchar(120) CHARACTER SET utf8mb4 COLLATE utf8mb4_general_ci NOT NULL COMMENT '调度名称',
  `entry_id` varchar(95) CHARACTER SET utf8mb4 COLLATE utf8mb4_general_ci NOT NULL COMMENT '调度器实例id',
  `trigger_name` varchar(200) CHARACTER SET utf8mb4 COLLATE utf8mb4_general_ci NOT NULL COMMENT 'qrtz_triggers表trigger_name的外键',
  `trigger_group` varchar(200) CHARACTER SET utf8mb4 COLLATE utf8mb4_general_ci NOT NULL COMMENT 'qrtz_triggers表trigger_group的外键',
  `instance_name` varchar(200) CHARACTER SET utf8mb4 COLLATE utf8mb4_general_ci NOT NULL COMMENT '调度器实例名',
  `fired_time` bigint(20) NOT NULL COMMENT '触发的时间',
  `sched_time` bigint(20) NOT NULL COMMENT '定时器制定的时间',
  `priority` int(11) NOT NULL COMMENT '优先级',
  `state` varchar(16) CHARACTER SET utf8mb4 COLLATE utf8mb4_general_ci NOT NULL COMMENT '状态',
  `job_name` varchar(200) CHARACTER SET utf8mb4 COLLATE utf8mb4_general_ci NULL DEFAULT NULL COMMENT '任务名称',
  `job_group` varchar(200) CHARACTER SET utf8mb4 COLLATE utf8mb4_general_ci NULL DEFAULT NULL COMMENT '任务组名',
  `is_nonconcurrent` varchar(1) CHARACTER SET utf8mb4 COLLATE utf8mb4_general_ci NULL DEFAULT NULL COMMENT '是否并发',
  `requests_recovery` varchar(1) CHARACTER SET utf8mb4 COLLATE utf8mb4_general_ci NULL DEFAULT NULL COMMENT '是否接受恢复执行',
  PRIMARY KEY (`sched_name`, `entry_id`) USING BTREE
) ENGINE = InnoDB CHARACTER SET = utf8mb4 COLLATE = utf8mb4_general_ci COMMENT = '已触发的触发器表' ROW_FORMAT = Dynamic;

-- ----------------------------
-- Records of QRTZ_FIRED_TRIGGERS
-- ----------------------------

-- ----------------------------
-- Table structure for QRTZ_JOB_DETAILS
-- ----------------------------
DROP TABLE IF EXISTS `QRTZ_JOB_DETAILS`;
CREATE TABLE `QRTZ_JOB_DETAILS`  (
  `sched_name` varchar(120) CHARACTER SET utf8mb4 COLLATE utf8mb4_general_ci NOT NULL COMMENT '调度名称',
  `job_name` varchar(200) CHARACTER SET utf8mb4 COLLATE utf8mb4_general_ci NOT NULL COMMENT '任务名称',
  `job_group` varchar(200) CHARACTER SET utf8mb4 COLLATE utf8mb4_general_ci NOT NULL COMMENT '任务组名',
  `description` varchar(250) CHARACTER SET utf8mb4 COLLATE utf8mb4_general_ci NULL DEFAULT NULL COMMENT '相关介绍',
  `job_class_name` varchar(250) CHARACTER SET utf8mb4 COLLATE utf8mb4_general_ci NOT NULL COMMENT '执行任务类名称',
  `is_durable` varchar(1) CHARACTER SET utf8mb4 COLLATE utf8mb4_general_ci NOT NULL COMMENT '是否持久化',
  `is_nonconcurrent` varchar(1) CHARACTER SET utf8mb4 COLLATE utf8mb4_general_ci NOT NULL COMMENT '是否并发',
  `is_update_data` varchar(1) CHARACTER SET utf8mb4 COLLATE utf8mb4_general_ci NOT NULL COMMENT '是否更新数据',
  `requests_recovery` varchar(1) CHARACTER SET utf8mb4 COLLATE utf8mb4_general_ci NOT NULL COMMENT '是否接受恢复执行',
  `job_data` blob NULL COMMENT '存放持久化job对象',
  PRIMARY KEY (`sched_name`, `job_name`, `job_group`) USING BTREE
) ENGINE = InnoDB CHARACTER SET = utf8mb4 COLLATE = utf8mb4_general_ci COMMENT = '任务详细信息表' ROW_FORMAT = Dynamic;

-- ----------------------------
-- Records of QRTZ_JOB_DETAILS
-- ----------------------------
INSERT INTO `QRTZ_JOB_DETAILS` VALUES ('RuoyiScheduler', 'TASK_CLASS_NAME1', 'DEFAULT', NULL, 'com.tawl.quartz.util.QuartzDisallowConcurrentExecution', '0', '1', '0', '0', 0xACED0005737200156F72672E71756172747A2E4A6F62446174614D61709FB083E8BFA9B0CB020000787200266F72672E71756172747A2E7574696C732E537472696E674B65794469727479466C61674D61708208E8C3FBC55D280200015A0013616C6C6F77735472616E7369656E74446174617872001D6F72672E71756172747A2E7574696C732E4469727479466C61674D617013E62EAD28760ACE0200025A000564697274794C00036D617074000F4C6A6176612F7574696C2F4D61703B787001737200116A6176612E7574696C2E486173684D61700507DAC1C31660D103000246000A6C6F6164466163746F724900097468726573686F6C6478703F4000000000000C7708000000100000000174000F5441534B5F50524F504552544945537372001D636F6D2E7461776C2E71756172747A2E646F6D61696E2E5379734A6F6200000000000000010200084C000A636F6E63757272656E747400124C6A6176612F6C616E672F537472696E673B4C000E63726F6E45787072657373696F6E71007E00094C000C696E766F6B6554617267657471007E00094C00086A6F6247726F757071007E00094C00056A6F6249647400104C6A6176612F6C616E672F4C6F6E673B4C00076A6F624E616D6571007E00094C000D6D697366697265506F6C69637971007E00094C000673746174757371007E000978720026636F6D2E7461776C2E636F6D6D6F6E2E636F72652E646F6D61696E2E42617365456E74697479000000000000000102000A4C0008637265617465427971007E00094C000A63726561746554696D657400104C6A6176612F7574696C2F446174653B4C000764656C466C616771007E00094C000664657074496471007E000A4C0006706172616D7371007E00034C000672656D61726B71007E00094C000B73656172636856616C756571007E00094C0008757064617465427971007E00094C000A75706461746554696D6571007E000C4C000675736572496471007E000A787074000561646D696E7372000E6A6176612E7574696C2E44617465686A81014B5974190300007870770800000189F2CBC1B878707070740000707070707400013174000E302F3130202A202A202A202A203F74001172795461736B2E72794E6F506172616D7374000744454641554C547372000E6A6176612E6C616E672E4C6F6E673B8BE490CC8F23DF0200014A000576616C7565787200106A6176612E6C616E672E4E756D62657286AC951D0B94E08B02000078700000000000000001740018E7B3BBE7BB9FE9BB98E8AEA4EFBC88E697A0E58F82EFBC8974000133740001317800);
INSERT INTO `QRTZ_JOB_DETAILS` VALUES ('RuoyiScheduler', 'TASK_CLASS_NAME2', 'DEFAULT', NULL, 'com.tawl.quartz.util.QuartzDisallowConcurrentExecution', '0', '1', '0', '0', 0xACED0005737200156F72672E71756172747A2E4A6F62446174614D61709FB083E8BFA9B0CB020000787200266F72672E71756172747A2E7574696C732E537472696E674B65794469727479466C61674D61708208E8C3FBC55D280200015A0013616C6C6F77735472616E7369656E74446174617872001D6F72672E71756172747A2E7574696C732E4469727479466C61674D617013E62EAD28760ACE0200025A000564697274794C00036D617074000F4C6A6176612F7574696C2F4D61703B787001737200116A6176612E7574696C2E486173684D61700507DAC1C31660D103000246000A6C6F6164466163746F724900097468726573686F6C6478703F4000000000000C7708000000100000000174000F5441534B5F50524F504552544945537372001D636F6D2E7461776C2E71756172747A2E646F6D61696E2E5379734A6F6200000000000000010200084C000A636F6E63757272656E747400124C6A6176612F6C616E672F537472696E673B4C000E63726F6E45787072657373696F6E71007E00094C000C696E766F6B6554617267657471007E00094C00086A6F6247726F757071007E00094C00056A6F6249647400104C6A6176612F6C616E672F4C6F6E673B4C00076A6F624E616D6571007E00094C000D6D697366697265506F6C69637971007E00094C000673746174757371007E000978720026636F6D2E7461776C2E636F6D6D6F6E2E636F72652E646F6D61696E2E42617365456E74697479000000000000000102000A4C0008637265617465427971007E00094C000A63726561746554696D657400104C6A6176612F7574696C2F446174653B4C000764656C466C616771007E00094C000664657074496471007E000A4C0006706172616D7371007E00034C000672656D61726B71007E00094C000B73656172636856616C756571007E00094C0008757064617465427971007E00094C000A75706461746554696D6571007E000C4C000675736572496471007E000A787074000561646D696E7372000E6A6176612E7574696C2E44617465686A81014B5974190300007870770800000189F2CBC1B878707070740000707070707400013174000E302F3135202A202A202A202A203F74001572795461736B2E7279506172616D7328277279272974000744454641554C547372000E6A6176612E6C616E672E4C6F6E673B8BE490CC8F23DF0200014A000576616C7565787200106A6176612E6C616E672E4E756D62657286AC951D0B94E08B02000078700000000000000002740018E7B3BBE7BB9FE9BB98E8AEA4EFBC88E69C89E58F82EFBC8974000133740001317800);
INSERT INTO `QRTZ_JOB_DETAILS` VALUES ('RuoyiScheduler', 'TASK_CLASS_NAME3', 'DEFAULT', NULL, 'com.tawl.quartz.util.QuartzDisallowConcurrentExecution', '0', '1', '0', '0', 0xACED0005737200156F72672E71756172747A2E4A6F62446174614D61709FB083E8BFA9B0CB020000787200266F72672E71756172747A2E7574696C732E537472696E674B65794469727479466C61674D61708208E8C3FBC55D280200015A0013616C6C6F77735472616E7369656E74446174617872001D6F72672E71756172747A2E7574696C732E4469727479466C61674D617013E62EAD28760ACE0200025A000564697274794C00036D617074000F4C6A6176612F7574696C2F4D61703B787001737200116A6176612E7574696C2E486173684D61700507DAC1C31660D103000246000A6C6F6164466163746F724900097468726573686F6C6478703F4000000000000C7708000000100000000174000F5441534B5F50524F504552544945537372001D636F6D2E7461776C2E71756172747A2E646F6D61696E2E5379734A6F6200000000000000010200084C000A636F6E63757272656E747400124C6A6176612F6C616E672F537472696E673B4C000E63726F6E45787072657373696F6E71007E00094C000C696E766F6B6554617267657471007E00094C00086A6F6247726F757071007E00094C00056A6F6249647400104C6A6176612F6C616E672F4C6F6E673B4C00076A6F624E616D6571007E00094C000D6D697366697265506F6C69637971007E00094C000673746174757371007E000978720026636F6D2E7461776C2E636F6D6D6F6E2E636F72652E646F6D61696E2E42617365456E74697479000000000000000102000A4C0008637265617465427971007E00094C000A63726561746554696D657400104C6A6176612F7574696C2F446174653B4C000764656C466C616771007E00094C000664657074496471007E000A4C0006706172616D7371007E00034C000672656D61726B71007E00094C000B73656172636856616C756571007E00094C0008757064617465427971007E00094C000A75706461746554696D6571007E000C4C000675736572496471007E000A787074000561646D696E7372000E6A6176612E7574696C2E44617465686A81014B5974190300007870770800000189F2CBC1B878707070740000707070707400013174000E302F3230202A202A202A202A203F74003872795461736B2E72794D756C7469706C65506172616D7328277279272C20747275652C20323030304C2C203331362E3530442C203130302974000744454641554C547372000E6A6176612E6C616E672E4C6F6E673B8BE490CC8F23DF0200014A000576616C7565787200106A6176612E6C616E672E4E756D62657286AC951D0B94E08B02000078700000000000000003740018E7B3BBE7BB9FE9BB98E8AEA4EFBC88E5A49AE58F82EFBC8974000133740001317800);
INSERT INTO `QRTZ_JOB_DETAILS` VALUES ('TongaiScheduler', 'TASK_CLASS_NAME1', 'DEFAULT', NULL, 'com.tawl.quartz.util.QuartzDisallowConcurrentExecution', '0', '1', '0', '0', 0xACED0005737200156F72672E71756172747A2E4A6F62446174614D61709FB083E8BFA9B0CB020000787200266F72672E71756172747A2E7574696C732E537472696E674B65794469727479466C61674D61708208E8C3FBC55D280200015A0013616C6C6F77735472616E7369656E74446174617872001D6F72672E71756172747A2E7574696C732E4469727479466C61674D617013E62EAD28760ACE0200025A000564697274794C00036D617074000F4C6A6176612F7574696C2F4D61703B787001737200116A6176612E7574696C2E486173684D61700507DAC1C31660D103000246000A6C6F6164466163746F724900097468726573686F6C6478703F4000000000000C7708000000100000000174000F5441534B5F50524F504552544945537372001D636F6D2E7461776C2E71756172747A2E646F6D61696E2E5379734A6F6200000000000000010200084C000A636F6E63757272656E747400124C6A6176612F6C616E672F537472696E673B4C000E63726F6E45787072657373696F6E71007E00094C000C696E766F6B6554617267657471007E00094C00086A6F6247726F757071007E00094C00056A6F6249647400104C6A6176612F6C616E672F4C6F6E673B4C00076A6F624E616D6571007E00094C000D6D697366697265506F6C69637971007E00094C000673746174757371007E000978720026636F6D2E7461776C2E636F6D6D6F6E2E636F72652E646F6D61696E2E42617365456E74697479000000000000000102000A4C0008637265617465427971007E00094C000A63726561746554696D657400104C6A6176612F7574696C2F446174653B4C000764656C466C616771007E00094C000664657074496471007E000A4C0006706172616D7371007E00034C000672656D61726B71007E00094C000B73656172636856616C756571007E00094C0008757064617465427971007E00094C000A75706461746554696D6571007E000C4C000675736572496471007E000A787074000561646D696E7372000E6A6176612E7574696C2E44617465686A81014B5974190300007870770800000189F2CBC1B878707070740000707070707400013174000E302F3130202A202A202A202A203F74001172795461736B2E72794E6F506172616D7374000744454641554C547372000E6A6176612E6C616E672E4C6F6E673B8BE490CC8F23DF0200014A000576616C7565787200106A6176612E6C616E672E4E756D62657286AC951D0B94E08B02000078700000000000000001740018E7B3BBE7BB9FE9BB98E8AEA4EFBC88E697A0E58F82EFBC8974000133740001317800);
INSERT INTO `QRTZ_JOB_DETAILS` VALUES ('TongaiScheduler', 'TASK_CLASS_NAME2', 'DEFAULT', NULL, 'com.tawl.quartz.util.QuartzDisallowConcurrentExecution', '0', '1', '0', '0', 0xACED0005737200156F72672E71756172747A2E4A6F62446174614D61709FB083E8BFA9B0CB020000787200266F72672E71756172747A2E7574696C732E537472696E674B65794469727479466C61674D61708208E8C3FBC55D280200015A0013616C6C6F77735472616E7369656E74446174617872001D6F72672E71756172747A2E7574696C732E4469727479466C61674D617013E62EAD28760ACE0200025A000564697274794C00036D617074000F4C6A6176612F7574696C2F4D61703B787001737200116A6176612E7574696C2E486173684D61700507DAC1C31660D103000246000A6C6F6164466163746F724900097468726573686F6C6478703F4000000000000C7708000000100000000174000F5441534B5F50524F504552544945537372001D636F6D2E7461776C2E71756172747A2E646F6D61696E2E5379734A6F6200000000000000010200084C000A636F6E63757272656E747400124C6A6176612F6C616E672F537472696E673B4C000E63726F6E45787072657373696F6E71007E00094C000C696E766F6B6554617267657471007E00094C00086A6F6247726F757071007E00094C00056A6F6249647400104C6A6176612F6C616E672F4C6F6E673B4C00076A6F624E616D6571007E00094C000D6D697366697265506F6C69637971007E00094C000673746174757371007E000978720026636F6D2E7461776C2E636F6D6D6F6E2E636F72652E646F6D61696E2E42617365456E74697479000000000000000102000A4C0008637265617465427971007E00094C000A63726561746554696D657400104C6A6176612F7574696C2F446174653B4C000764656C466C616771007E00094C000664657074496471007E000A4C0006706172616D7371007E00034C000672656D61726B71007E00094C000B73656172636856616C756571007E00094C0008757064617465427971007E00094C000A75706461746554696D6571007E000C4C000675736572496471007E000A787074000561646D696E7372000E6A6176612E7574696C2E44617465686A81014B5974190300007870770800000189F2CBC1B878707070740000707070707400013174000E302F3135202A202A202A202A203F74001572795461736B2E7279506172616D7328277279272974000744454641554C547372000E6A6176612E6C616E672E4C6F6E673B8BE490CC8F23DF0200014A000576616C7565787200106A6176612E6C616E672E4E756D62657286AC951D0B94E08B02000078700000000000000002740018E7B3BBE7BB9FE9BB98E8AEA4EFBC88E69C89E58F82EFBC8974000133740001317800);
INSERT INTO `QRTZ_JOB_DETAILS` VALUES ('TongaiScheduler', 'TASK_CLASS_NAME3', 'DEFAULT', NULL, 'com.tawl.quartz.util.QuartzDisallowConcurrentExecution', '0', '1', '0', '0', 0xACED0005737200156F72672E71756172747A2E4A6F62446174614D61709FB083E8BFA9B0CB020000787200266F72672E71756172747A2E7574696C732E537472696E674B65794469727479466C61674D61708208E8C3FBC55D280200015A0013616C6C6F77735472616E7369656E74446174617872001D6F72672E71756172747A2E7574696C732E4469727479466C61674D617013E62EAD28760ACE0200025A000564697274794C00036D617074000F4C6A6176612F7574696C2F4D61703B787001737200116A6176612E7574696C2E486173684D61700507DAC1C31660D103000246000A6C6F6164466163746F724900097468726573686F6C6478703F4000000000000C7708000000100000000174000F5441534B5F50524F504552544945537372001D636F6D2E7461776C2E71756172747A2E646F6D61696E2E5379734A6F6200000000000000010200084C000A636F6E63757272656E747400124C6A6176612F6C616E672F537472696E673B4C000E63726F6E45787072657373696F6E71007E00094C000C696E766F6B6554617267657471007E00094C00086A6F6247726F757071007E00094C00056A6F6249647400104C6A6176612F6C616E672F4C6F6E673B4C00076A6F624E616D6571007E00094C000D6D697366697265506F6C69637971007E00094C000673746174757371007E000978720026636F6D2E7461776C2E636F6D6D6F6E2E636F72652E646F6D61696E2E42617365456E74697479000000000000000102000A4C0008637265617465427971007E00094C000A63726561746554696D657400104C6A6176612F7574696C2F446174653B4C000764656C466C616771007E00094C000664657074496471007E000A4C0006706172616D7371007E00034C000672656D61726B71007E00094C000B73656172636856616C756571007E00094C0008757064617465427971007E00094C000A75706461746554696D6571007E000C4C000675736572496471007E000A787074000561646D696E7372000E6A6176612E7574696C2E44617465686A81014B5974190300007870770800000189F2CBC1B878707070740000707070707400013174000E302F3230202A202A202A202A203F74003872795461736B2E72794D756C7469706C65506172616D7328277279272C20747275652C20323030304C2C203331362E3530442C203130302974000744454641554C547372000E6A6176612E6C616E672E4C6F6E673B8BE490CC8F23DF0200014A000576616C7565787200106A6176612E6C616E672E4E756D62657286AC951D0B94E08B02000078700000000000000003740018E7B3BBE7BB9FE9BB98E8AEA4EFBC88E5A49AE58F82EFBC8974000133740001307800);

-- ----------------------------
-- Table structure for QRTZ_LOCKS
-- ----------------------------
DROP TABLE IF EXISTS `QRTZ_LOCKS`;
CREATE TABLE `QRTZ_LOCKS`  (
  `sched_name` varchar(120) CHARACTER SET utf8mb4 COLLATE utf8mb4_general_ci NOT NULL COMMENT '调度名称',
  `lock_name` varchar(40) CHARACTER SET utf8mb4 COLLATE utf8mb4_general_ci NOT NULL COMMENT '悲观锁名称',
  PRIMARY KEY (`sched_name`, `lock_name`) USING BTREE
) ENGINE = InnoDB CHARACTER SET = utf8mb4 COLLATE = utf8mb4_general_ci COMMENT = '存储的悲观锁信息表' ROW_FORMAT = Dynamic;

-- ----------------------------
-- Records of QRTZ_LOCKS
-- ----------------------------
INSERT INTO `QRTZ_LOCKS` VALUES ('RuoyiScheduler', 'STATE_ACCESS');
INSERT INTO `QRTZ_LOCKS` VALUES ('RuoyiScheduler', 'TRIGGER_ACCESS');
INSERT INTO `QRTZ_LOCKS` VALUES ('TongaiScheduler', 'STATE_ACCESS');
INSERT INTO `QRTZ_LOCKS` VALUES ('TongaiScheduler', 'TRIGGER_ACCESS');

-- ----------------------------
-- Table structure for QRTZ_PAUSED_TRIGGER_GRPS
-- ----------------------------
DROP TABLE IF EXISTS `QRTZ_PAUSED_TRIGGER_GRPS`;
CREATE TABLE `QRTZ_PAUSED_TRIGGER_GRPS`  (
  `sched_name` varchar(120) CHARACTER SET utf8mb4 COLLATE utf8mb4_general_ci NOT NULL COMMENT '调度名称',
  `trigger_group` varchar(200) CHARACTER SET utf8mb4 COLLATE utf8mb4_general_ci NOT NULL COMMENT 'qrtz_triggers表trigger_group的外键',
  PRIMARY KEY (`sched_name`, `trigger_group`) USING BTREE
) ENGINE = InnoDB CHARACTER SET = utf8mb4 COLLATE = utf8mb4_general_ci COMMENT = '暂停的触发器表' ROW_FORMAT = Dynamic;

-- ----------------------------
-- Records of QRTZ_PAUSED_TRIGGER_GRPS
-- ----------------------------

-- ----------------------------
-- Table structure for QRTZ_SCHEDULER_STATE
-- ----------------------------
DROP TABLE IF EXISTS `QRTZ_SCHEDULER_STATE`;
CREATE TABLE `QRTZ_SCHEDULER_STATE`  (
  `sched_name` varchar(120) CHARACTER SET utf8mb4 COLLATE utf8mb4_general_ci NOT NULL COMMENT '调度名称',
  `instance_name` varchar(200) CHARACTER SET utf8mb4 COLLATE utf8mb4_general_ci NOT NULL COMMENT '实例名称',
  `last_checkin_time` bigint(20) NOT NULL COMMENT '上次检查时间',
  `checkin_interval` bigint(20) NOT NULL COMMENT '检查间隔时间',
  PRIMARY KEY (`sched_name`, `instance_name`) USING BTREE
) ENGINE = InnoDB CHARACTER SET = utf8mb4 COLLATE = utf8mb4_general_ci COMMENT = '调度器状态表' ROW_FORMAT = Dynamic;

-- ----------------------------
-- Records of QRTZ_SCHEDULER_STATE
-- ----------------------------
INSERT INTO `QRTZ_SCHEDULER_STATE` VALUES ('RuoyiScheduler', 'huihui.local1692291849900', 1692291928789, 15000);
INSERT INTO `QRTZ_SCHEDULER_STATE` VALUES ('TongaiScheduler', 'huihui.local1692292033338', 1692292396732, 15000);

-- ----------------------------
-- Table structure for QRTZ_SIMPLE_TRIGGERS
-- ----------------------------
DROP TABLE IF EXISTS `QRTZ_SIMPLE_TRIGGERS`;
CREATE TABLE `QRTZ_SIMPLE_TRIGGERS`  (
  `sched_name` varchar(120) CHARACTER SET utf8mb4 COLLATE utf8mb4_general_ci NOT NULL COMMENT '调度名称',
  `trigger_name` varchar(200) CHARACTER SET utf8mb4 COLLATE utf8mb4_general_ci NOT NULL COMMENT 'qrtz_triggers表trigger_name的外键',
  `trigger_group` varchar(200) CHARACTER SET utf8mb4 COLLATE utf8mb4_general_ci NOT NULL COMMENT 'qrtz_triggers表trigger_group的外键',
  `repeat_count` bigint(20) NOT NULL COMMENT '重复的次数统计',
  `repeat_interval` bigint(20) NOT NULL COMMENT '重复的间隔时间',
  `times_triggered` bigint(20) NOT NULL COMMENT '已经触发的次数',
  PRIMARY KEY (`sched_name`, `trigger_name`, `trigger_group`) USING BTREE,
  CONSTRAINT `qrtz_simple_triggers_ibfk_1` FOREIGN KEY (`sched_name`, `trigger_name`, `trigger_group`) REFERENCES `QRTZ_TRIGGERS` (`sched_name`, `trigger_name`, `trigger_group`) ON DELETE RESTRICT ON UPDATE RESTRICT
) ENGINE = InnoDB CHARACTER SET = utf8mb4 COLLATE = utf8mb4_general_ci COMMENT = '简单触发器的信息表' ROW_FORMAT = Dynamic;

-- ----------------------------
-- Records of QRTZ_SIMPLE_TRIGGERS
-- ----------------------------

-- ----------------------------
-- Table structure for QRTZ_SIMPROP_TRIGGERS
-- ----------------------------
DROP TABLE IF EXISTS `QRTZ_SIMPROP_TRIGGERS`;
CREATE TABLE `QRTZ_SIMPROP_TRIGGERS`  (
  `sched_name` varchar(120) CHARACTER SET utf8mb4 COLLATE utf8mb4_general_ci NOT NULL COMMENT '调度名称',
  `trigger_name` varchar(200) CHARACTER SET utf8mb4 COLLATE utf8mb4_general_ci NOT NULL COMMENT 'qrtz_triggers表trigger_name的外键',
  `trigger_group` varchar(200) CHARACTER SET utf8mb4 COLLATE utf8mb4_general_ci NOT NULL COMMENT 'qrtz_triggers表trigger_group的外键',
  `str_prop_1` varchar(512) CHARACTER SET utf8mb4 COLLATE utf8mb4_general_ci NULL DEFAULT NULL COMMENT 'String类型的trigger的第一个参数',
  `str_prop_2` varchar(512) CHARACTER SET utf8mb4 COLLATE utf8mb4_general_ci NULL DEFAULT NULL COMMENT 'String类型的trigger的第二个参数',
  `str_prop_3` varchar(512) CHARACTER SET utf8mb4 COLLATE utf8mb4_general_ci NULL DEFAULT NULL COMMENT 'String类型的trigger的第三个参数',
  `int_prop_1` int(11) NULL DEFAULT NULL COMMENT 'int类型的trigger的第一个参数',
  `int_prop_2` int(11) NULL DEFAULT NULL COMMENT 'int类型的trigger的第二个参数',
  `long_prop_1` bigint(20) NULL DEFAULT NULL COMMENT 'long类型的trigger的第一个参数',
  `long_prop_2` bigint(20) NULL DEFAULT NULL COMMENT 'long类型的trigger的第二个参数',
  `dec_prop_1` decimal(13, 4) NULL DEFAULT NULL COMMENT 'decimal类型的trigger的第一个参数',
  `dec_prop_2` decimal(13, 4) NULL DEFAULT NULL COMMENT 'decimal类型的trigger的第二个参数',
  `bool_prop_1` varchar(1) CHARACTER SET utf8mb4 COLLATE utf8mb4_general_ci NULL DEFAULT NULL COMMENT 'Boolean类型的trigger的第一个参数',
  `bool_prop_2` varchar(1) CHARACTER SET utf8mb4 COLLATE utf8mb4_general_ci NULL DEFAULT NULL COMMENT 'Boolean类型的trigger的第二个参数',
  PRIMARY KEY (`sched_name`, `trigger_name`, `trigger_group`) USING BTREE,
  CONSTRAINT `qrtz_simprop_triggers_ibfk_1` FOREIGN KEY (`sched_name`, `trigger_name`, `trigger_group`) REFERENCES `QRTZ_TRIGGERS` (`sched_name`, `trigger_name`, `trigger_group`) ON DELETE RESTRICT ON UPDATE RESTRICT
) ENGINE = InnoDB CHARACTER SET = utf8mb4 COLLATE = utf8mb4_general_ci COMMENT = '同步机制的行锁表' ROW_FORMAT = Dynamic;

-- ----------------------------
-- Records of QRTZ_SIMPROP_TRIGGERS
-- ----------------------------

-- ----------------------------
-- Table structure for QRTZ_TRIGGERS
-- ----------------------------
DROP TABLE IF EXISTS `QRTZ_TRIGGERS`;
CREATE TABLE `QRTZ_TRIGGERS`  (
  `sched_name` varchar(120) CHARACTER SET utf8mb4 COLLATE utf8mb4_general_ci NOT NULL COMMENT '调度名称',
  `trigger_name` varchar(200) CHARACTER SET utf8mb4 COLLATE utf8mb4_general_ci NOT NULL COMMENT '触发器的名字',
  `trigger_group` varchar(200) CHARACTER SET utf8mb4 COLLATE utf8mb4_general_ci NOT NULL COMMENT '触发器所属组的名字',
  `job_name` varchar(200) CHARACTER SET utf8mb4 COLLATE utf8mb4_general_ci NOT NULL COMMENT 'qrtz_job_details表job_name的外键',
  `job_group` varchar(200) CHARACTER SET utf8mb4 COLLATE utf8mb4_general_ci NOT NULL COMMENT 'qrtz_job_details表job_group的外键',
  `description` varchar(250) CHARACTER SET utf8mb4 COLLATE utf8mb4_general_ci NULL DEFAULT NULL COMMENT '相关介绍',
  `next_fire_time` bigint(20) NULL DEFAULT NULL COMMENT '上一次触发时间（毫秒）',
  `prev_fire_time` bigint(20) NULL DEFAULT NULL COMMENT '下一次触发时间（默认为-1表示不触发）',
  `priority` int(11) NULL DEFAULT NULL COMMENT '优先级',
  `trigger_state` varchar(16) CHARACTER SET utf8mb4 COLLATE utf8mb4_general_ci NOT NULL COMMENT '触发器状态',
  `trigger_type` varchar(8) CHARACTER SET utf8mb4 COLLATE utf8mb4_general_ci NOT NULL COMMENT '触发器的类型',
  `start_time` bigint(20) NOT NULL COMMENT '开始时间',
  `end_time` bigint(20) NULL DEFAULT NULL COMMENT '结束时间',
  `calendar_name` varchar(200) CHARACTER SET utf8mb4 COLLATE utf8mb4_general_ci NULL DEFAULT NULL COMMENT '日程表名称',
  `misfire_instr` smallint(6) NULL DEFAULT NULL COMMENT '补偿执行的策略',
  `job_data` blob NULL COMMENT '存放持久化job对象',
  PRIMARY KEY (`sched_name`, `trigger_name`, `trigger_group`) USING BTREE,
  INDEX `sched_name`(`sched_name`, `job_name`, `job_group`) USING BTREE,
  CONSTRAINT `qrtz_triggers_ibfk_1` FOREIGN KEY (`sched_name`, `job_name`, `job_group`) REFERENCES `QRTZ_JOB_DETAILS` (`sched_name`, `job_name`, `job_group`) ON DELETE RESTRICT ON UPDATE RESTRICT
) ENGINE = InnoDB CHARACTER SET = utf8mb4 COLLATE = utf8mb4_general_ci COMMENT = '触发器详细信息表' ROW_FORMAT = Dynamic;

-- ----------------------------
-- Records of QRTZ_TRIGGERS
-- ----------------------------
INSERT INTO `QRTZ_TRIGGERS` VALUES ('RuoyiScheduler', 'TASK_CLASS_NAME1', 'DEFAULT', 'TASK_CLASS_NAME1', 'DEFAULT', NULL, 1692291850000, -1, 5, 'PAUSED', 'CRON', 1692291850000, 0, NULL, 2, '');
INSERT INTO `QRTZ_TRIGGERS` VALUES ('RuoyiScheduler', 'TASK_CLASS_NAME2', 'DEFAULT', 'TASK_CLASS_NAME2', 'DEFAULT', NULL, 1692291855000, -1, 5, 'PAUSED', 'CRON', 1692291850000, 0, NULL, 2, '');
INSERT INTO `QRTZ_TRIGGERS` VALUES ('RuoyiScheduler', 'TASK_CLASS_NAME3', 'DEFAULT', 'TASK_CLASS_NAME3', 'DEFAULT', NULL, 1692291860000, -1, 5, 'PAUSED', 'CRON', 1692291850000, 0, NULL, 2, '');
INSERT INTO `QRTZ_TRIGGERS` VALUES ('TongaiScheduler', 'TASK_CLASS_NAME1', 'DEFAULT', 'TASK_CLASS_NAME1', 'DEFAULT', NULL, 1692292040000, -1, 5, 'PAUSED', 'CRON', 1692292033000, 0, NULL, 2, '');
INSERT INTO `QRTZ_TRIGGERS` VALUES ('TongaiScheduler', 'TASK_CLASS_NAME2', 'DEFAULT', 'TASK_CLASS_NAME2', 'DEFAULT', NULL, 1692292035000, -1, 5, 'PAUSED', 'CRON', 1692292033000, 0, NULL, 2, '');
INSERT INTO `QRTZ_TRIGGERS` VALUES ('TongaiScheduler', 'TASK_CLASS_NAME3', 'DEFAULT', 'TASK_CLASS_NAME3', 'DEFAULT', NULL, 1692292060000, 1692292040000, 5, 'PAUSED', 'CRON', 1692292033000, 0, NULL, 2, '');

-- ----------------------------
-- Table structure for gen_table
-- ----------------------------
DROP TABLE IF EXISTS `gen_table`;
CREATE TABLE `gen_table`  (
  `table_id` bigint(20) NOT NULL AUTO_INCREMENT COMMENT '编号',
  `table_name` varchar(200) CHARACTER SET utf8mb4 COLLATE utf8mb4_general_ci NULL DEFAULT '' COMMENT '表名称',
  `table_comment` varchar(500) CHARACTER SET utf8mb4 COLLATE utf8mb4_general_ci NULL DEFAULT '' COMMENT '表描述',
  `sub_table_name` varchar(64) CHARACTER SET utf8mb4 COLLATE utf8mb4_general_ci NULL DEFAULT NULL COMMENT '关联子表的表名',
  `sub_table_fk_name` varchar(64) CHARACTER SET utf8mb4 COLLATE utf8mb4_general_ci NULL DEFAULT NULL COMMENT '子表关联的外键名',
  `class_name` varchar(100) CHARACTER SET utf8mb4 COLLATE utf8mb4_general_ci NULL DEFAULT '' COMMENT '实体类名称',
  `tpl_category` varchar(200) CHARACTER SET utf8mb4 COLLATE utf8mb4_general_ci NULL DEFAULT 'crud' COMMENT '使用的模板（crud单表操作 tree树表操作）',
  `package_name` varchar(100) CHARACTER SET utf8mb4 COLLATE utf8mb4_general_ci NULL DEFAULT NULL COMMENT '生成包路径',
  `module_name` varchar(30) CHARACTER SET utf8mb4 COLLATE utf8mb4_general_ci NULL DEFAULT NULL COMMENT '生成模块名',
  `business_name` varchar(30) CHARACTER SET utf8mb4 COLLATE utf8mb4_general_ci NULL DEFAULT NULL COMMENT '生成业务名',
  `function_name` varchar(50) CHARACTER SET utf8mb4 COLLATE utf8mb4_general_ci NULL DEFAULT NULL COMMENT '生成功能名',
  `function_author` varchar(50) CHARACTER SET utf8mb4 COLLATE utf8mb4_general_ci NULL DEFAULT NULL COMMENT '生成功能作者',
  `gen_type` char(1) CHARACTER SET utf8mb4 COLLATE utf8mb4_general_ci NULL DEFAULT '0' COMMENT '生成代码方式（0zip压缩包 1自定义路径）',
  `gen_path` varchar(200) CHARACTER SET utf8mb4 COLLATE utf8mb4_general_ci NULL DEFAULT '/' COMMENT '生成路径（不填默认项目路径）',
  `options` varchar(1000) CHARACTER SET utf8mb4 COLLATE utf8mb4_general_ci NULL DEFAULT NULL COMMENT '其它生成选项',
  `create_by` varchar(64) CHARACTER SET utf8mb4 COLLATE utf8mb4_general_ci NULL DEFAULT '' COMMENT '创建者',
  `create_time` datetime NULL DEFAULT NULL COMMENT '创建时间',
  `update_by` varchar(64) CHARACTER SET utf8mb4 COLLATE utf8mb4_general_ci NULL DEFAULT '' COMMENT '更新者',
  `update_time` datetime NULL DEFAULT NULL COMMENT '更新时间',
  `remark` varchar(500) CHARACTER SET utf8mb4 COLLATE utf8mb4_general_ci NULL DEFAULT NULL COMMENT '备注',
  PRIMARY KEY (`table_id`) USING BTREE
) ENGINE = InnoDB AUTO_INCREMENT = 10 CHARACTER SET = utf8mb4 COLLATE = utf8mb4_general_ci COMMENT = '代码生成业务表' ROW_FORMAT = Dynamic;

-- ----------------------------
-- Records of gen_table
-- ----------------------------
INSERT INTO `gen_table` VALUES (3, 'takj_customers', '客户基础信息', NULL, NULL, 'Customers', 'crud', 'com.tawl.takj', 'takj', 'customers', '客户基础信息', 'tongaikeji', '0', '/', '{\"parentMenuId\":\"2000\",\"dataAuth\":\"1\",\"frontTemplate\":\"1\",\"tombstones\":\"1\",\"isImportAndExport\":\"2\"}', 'admin', '2023-08-14 16:16:45', '', '2023-10-21 21:31:41', NULL);
INSERT INTO `gen_table` VALUES (5, 'takj_customer_tags', '客户标签', NULL, NULL, 'CustomerTags', 'crud', 'com.tawl.takj', 'takj', 'tags', '客户标签', 'tongaikeji', '1', '/', '{\"parentMenuId\":\"2000\",\"dataAuth\":\"1\",\"frontTemplate\":\"2\",\"tombstones\":\"1\",\"isImportAndExport\":\"3\"}', 'admin', '2023-08-14 20:28:02', '', '2023-10-21 21:31:30', NULL);
INSERT INTO `gen_table` VALUES (9, 'sys_notice_read', '通知公告阅读记录', '', '', 'SysNoticeRead', 'crud', 'com.tawl.takj', 'takj', 'read', '通知公告阅读记录', 'tongaikeji', '1', '/', '{\"parentMenuId\":\"107\",\"dataAuth\":\"0\",\"frontTemplate\":\"0\",\"tombstones\":\"0\",\"isImportAndExport\":\"0\"}', 'admin', '2023-09-03 20:02:44', '', '2023-10-21 21:31:21', NULL);

-- ----------------------------
-- Table structure for gen_table_column
-- ----------------------------
DROP TABLE IF EXISTS `gen_table_column`;
CREATE TABLE `gen_table_column`  (
  `column_id` bigint(20) NOT NULL AUTO_INCREMENT COMMENT '编号',
  `table_id` bigint(20) NULL DEFAULT NULL COMMENT '归属表编号',
  `column_name` varchar(200) CHARACTER SET utf8mb4 COLLATE utf8mb4_general_ci NULL DEFAULT NULL COMMENT '列名称',
  `column_comment` varchar(500) CHARACTER SET utf8mb4 COLLATE utf8mb4_general_ci NULL DEFAULT NULL COMMENT '列描述',
  `column_type` varchar(100) CHARACTER SET utf8mb4 COLLATE utf8mb4_general_ci NULL DEFAULT NULL COMMENT '列类型',
  `java_type` varchar(500) CHARACTER SET utf8mb4 COLLATE utf8mb4_general_ci NULL DEFAULT NULL COMMENT 'JAVA类型',
  `java_field` varchar(200) CHARACTER SET utf8mb4 COLLATE utf8mb4_general_ci NULL DEFAULT NULL COMMENT 'JAVA字段名',
  `is_pk` char(1) CHARACTER SET utf8mb4 COLLATE utf8mb4_general_ci NULL DEFAULT NULL COMMENT '是否主键（1是）',
  `is_increment` char(1) CHARACTER SET utf8mb4 COLLATE utf8mb4_general_ci NULL DEFAULT NULL COMMENT '是否自增（1是）',
  `is_required` char(1) CHARACTER SET utf8mb4 COLLATE utf8mb4_general_ci NULL DEFAULT NULL COMMENT '是否必填（1是）',
  `is_insert` char(1) CHARACTER SET utf8mb4 COLLATE utf8mb4_general_ci NULL DEFAULT NULL COMMENT '是否为插入字段（1是）',
  `is_edit` char(1) CHARACTER SET utf8mb4 COLLATE utf8mb4_general_ci NULL DEFAULT NULL COMMENT '是否编辑字段（1是）',
  `is_list` char(1) CHARACTER SET utf8mb4 COLLATE utf8mb4_general_ci NULL DEFAULT NULL COMMENT '是否列表字段（1是）',
  `is_query` char(1) CHARACTER SET utf8mb4 COLLATE utf8mb4_general_ci NULL DEFAULT NULL COMMENT '是否查询字段（1是）',
  `query_type` varchar(200) CHARACTER SET utf8mb4 COLLATE utf8mb4_general_ci NULL DEFAULT 'EQ' COMMENT '查询方式（等于、不等于、大于、小于、范围）',
  `html_type` varchar(200) CHARACTER SET utf8mb4 COLLATE utf8mb4_general_ci NULL DEFAULT NULL COMMENT '显示类型（文本框、文本域、下拉框、复选框、单选框、日期控件）',
  `dict_type` varchar(200) CHARACTER SET utf8mb4 COLLATE utf8mb4_general_ci NULL DEFAULT '' COMMENT '字典类型',
  `sort` int(11) NULL DEFAULT NULL COMMENT '排序',
  `create_by` varchar(64) CHARACTER SET utf8mb4 COLLATE utf8mb4_general_ci NULL DEFAULT '' COMMENT '创建者',
  `create_time` datetime NULL DEFAULT NULL COMMENT '创建时间',
  `update_by` varchar(64) CHARACTER SET utf8mb4 COLLATE utf8mb4_general_ci NULL DEFAULT '' COMMENT '更新者',
  `update_time` datetime NULL DEFAULT NULL COMMENT '更新时间',
  PRIMARY KEY (`column_id`) USING BTREE
) ENGINE = InnoDB AUTO_INCREMENT = 100 CHARACTER SET = utf8mb4 COLLATE = utf8mb4_general_ci COMMENT = '代码生成业务表字段' ROW_FORMAT = Dynamic;

-- ----------------------------
-- Records of gen_table_column
-- ----------------------------
INSERT INTO `gen_table_column` VALUES (20, 3, 'cus_id', ' 客户编号', 'bigint', 'Long', 'cusId', '1', '1', NULL, '0', NULL, '1', '1', 'EQ', 'input', '', 1, 'admin', '2023-08-14 16:16:45', '', '2023-10-21 21:31:41');
INSERT INTO `gen_table_column` VALUES (21, 3, 'cus_name', '姓名', 'varchar(32)', 'String', 'cusName', '0', '0', NULL, '1', '1', '1', '1', 'LIKE', 'input', '', 2, 'admin', '2023-08-14 16:16:45', '', '2023-10-21 21:31:41');
INSERT INTO `gen_table_column` VALUES (22, 3, 'cus_phone', '手机号', 'varchar(64)', 'String', 'cusPhone', '0', '0', NULL, '1', '1', '1', '1', 'LIKE', 'input', '', 3, 'admin', '2023-08-14 16:16:45', '', '2023-10-21 21:31:41');
INSERT INTO `gen_table_column` VALUES (23, 3, 'del_flag', '删除标志（0代表存在 2代表删除）', 'char(1)', 'String', 'delFlag', '0', '0', NULL, '0', NULL, NULL, NULL, 'EQ', 'input', '', 6, 'admin', '2023-08-14 16:16:45', '', '2023-10-21 21:31:41');
INSERT INTO `gen_table_column` VALUES (24, 3, 'create_by', '创建者', 'varchar(64)', 'String', 'createBy', '0', '0', NULL, '0', NULL, NULL, NULL, 'EQ', 'input', '', 7, 'admin', '2023-08-14 16:16:45', '', '2023-10-21 21:31:41');
INSERT INTO `gen_table_column` VALUES (25, 3, 'create_time', '创建时间', 'datetime', 'Date', 'createTime', '0', '0', NULL, '0', NULL, NULL, NULL, 'EQ', 'datetime', '', 8, 'admin', '2023-08-14 16:16:45', '', '2023-10-21 21:31:41');
INSERT INTO `gen_table_column` VALUES (26, 3, 'update_by', '更新者', 'varchar(64)', 'String', 'updateBy', '0', '0', NULL, '0', '0', NULL, NULL, 'EQ', 'input', '', 9, 'admin', '2023-08-14 16:16:45', '', '2023-10-21 21:31:41');
INSERT INTO `gen_table_column` VALUES (27, 3, 'update_time', '更新时间', 'datetime', 'Date', 'updateTime', '0', '0', NULL, '0', '0', NULL, NULL, 'EQ', 'datetime', '', 10, 'admin', '2023-08-14 16:16:45', '', '2023-10-21 21:31:41');
INSERT INTO `gen_table_column` VALUES (28, 3, 'remark', '备注', 'varchar(500)', 'String', 'remark', '0', '0', NULL, '1', '1', '1', NULL, 'EQ', 'textarea', '', 11, 'admin', '2023-08-14 16:16:45', '', '2023-10-21 21:31:41');
INSERT INTO `gen_table_column` VALUES (29, 3, 'user_id', '数据所属人ID', 'bigint', 'Long', 'userId', '0', '0', NULL, '0', '0', '0', '0', 'EQ', 'input', '', 4, '', '2023-08-14 17:39:34', '', '2023-10-21 21:31:41');
INSERT INTO `gen_table_column` VALUES (30, 3, 'dept_id', '部门ID', 'bigint', 'Long', 'deptId', '0', '0', NULL, '0', '0', '0', '0', 'EQ', 'input', '', 5, '', '2023-08-14 17:39:34', '', '2023-10-21 21:31:41');
INSERT INTO `gen_table_column` VALUES (41, 5, 'tag_id', '标签ID', 'bigint', 'Long', 'tagId', '1', '1', NULL, '0', '0', '1', NULL, 'EQ', 'input', '', 1, 'admin', '2023-08-14 20:28:02', '', '2023-10-21 21:31:30');
INSERT INTO `gen_table_column` VALUES (42, 5, 'cus_id', '客户ID', 'bigint', 'Long', 'cusId', '0', '0', NULL, '0', '0', '0', '0', 'EQ', 'input', '', 2, 'admin', '2023-08-14 20:28:02', '', '2023-10-21 21:31:30');
INSERT INTO `gen_table_column` VALUES (43, 5, 'user_id', '数据所属人ID', 'bigint', 'Long', 'userId', '0', '0', NULL, '0', '0', '0', '0', 'EQ', 'input', '', 4, 'admin', '2023-08-14 20:28:02', '', '2023-10-21 21:31:30');
INSERT INTO `gen_table_column` VALUES (44, 5, 'dept_id', '部门ID', 'bigint', 'Long', 'deptId', '0', '0', NULL, '0', '0', '0', '0', 'EQ', 'input', '', 5, 'admin', '2023-08-14 20:28:02', '', '2023-10-21 21:31:30');
INSERT INTO `gen_table_column` VALUES (45, 5, 'del_flag', '删除标志（0代表存在 2代表删除）', 'char(1)', 'String', 'delFlag', '0', '0', NULL, '0', NULL, NULL, NULL, 'EQ', 'input', '', 6, 'admin', '2023-08-14 20:28:02', '', '2023-10-21 21:31:30');
INSERT INTO `gen_table_column` VALUES (46, 5, 'create_by', '创建者', 'varchar(64)', 'String', 'createBy', '0', '0', NULL, '0', NULL, '1', '1', 'EQ', 'input', '', 7, 'admin', '2023-08-14 20:28:02', '', '2023-10-21 21:31:30');
INSERT INTO `gen_table_column` VALUES (47, 5, 'create_time', '创建时间', 'datetime', 'Date', 'createTime', '0', '0', NULL, '0', NULL, '1', NULL, 'EQ', 'datetime', '', 8, 'admin', '2023-08-14 20:28:02', '', '2023-10-21 21:31:30');
INSERT INTO `gen_table_column` VALUES (48, 5, 'update_by', '更新者', 'varchar(64)', 'String', 'updateBy', '0', '0', NULL, '0', '0', NULL, NULL, 'EQ', 'input', '', 9, 'admin', '2023-08-14 20:28:02', '', '2023-10-21 21:31:30');
INSERT INTO `gen_table_column` VALUES (49, 5, 'update_time', '更新时间', 'datetime', 'Date', 'updateTime', '0', '0', NULL, '0', '0', NULL, NULL, 'EQ', 'datetime', '', 10, 'admin', '2023-08-14 20:28:02', '', '2023-10-21 21:31:30');
INSERT INTO `gen_table_column` VALUES (50, 5, 'remark', '备注', 'varchar(500)', 'String', 'remark', '0', '0', NULL, '1', '1', '1', '0', 'EQ', 'textarea', '', 11, 'admin', '2023-08-14 20:28:02', '', '2023-10-21 21:31:30');
INSERT INTO `gen_table_column` VALUES (51, 5, 'tag_name', '标签', 'varchar(32)', 'String', 'tagName', '0', '0', NULL, '1', '1', '1', '1', 'LIKE', 'input', '', 3, '', '2023-08-14 20:28:21', '', '2023-10-21 21:31:30');
INSERT INTO `gen_table_column` VALUES (88, 9, 'id', 'ID编号', 'bigint', 'Long', 'id', '1', '0', NULL, NULL, NULL, NULL, NULL, 'EQ', 'input', '', 1, 'admin', '2023-09-03 20:02:44', '', '2023-10-21 21:31:21');
INSERT INTO `gen_table_column` VALUES (89, 9, 'notice_id', '通知ID', 'bigint', 'Long', 'noticeId', '0', '0', NULL, '1', '1', '1', '1', 'EQ', 'input', '', 2, 'admin', '2023-09-03 20:02:44', '', '2023-10-21 21:31:21');
INSERT INTO `gen_table_column` VALUES (90, 9, 'is_read', '是否已读0-未读，1-已读（当通知/公告为非全体通知时使用）', 'char(1)', 'String', 'isRead', '0', '0', NULL, '1', '1', '1', '1', 'EQ', 'input', '', 3, 'admin', '2023-09-03 20:02:44', '', '2023-10-21 21:31:21');
INSERT INTO `gen_table_column` VALUES (91, 9, 'receiver_id', '通知接收者ID（0-全体成员）', 'bigint', 'Long', 'receiverId', '0', '0', NULL, '1', '1', '1', '1', 'EQ', 'input', '', 4, 'admin', '2023-09-03 20:02:44', '', '2023-10-21 21:31:21');
INSERT INTO `gen_table_column` VALUES (92, 9, 'user_id', '数据所属人ID', 'bigint', 'Long', 'userId', '0', '0', NULL, NULL, NULL, NULL, NULL, 'EQ', 'input', '', 5, 'admin', '2023-09-03 20:02:44', '', '2023-10-21 21:31:21');
INSERT INTO `gen_table_column` VALUES (93, 9, 'dept_id', '部门ID', 'bigint', 'Long', 'deptId', '0', '0', NULL, NULL, NULL, NULL, NULL, 'EQ', 'input', '', 6, 'admin', '2023-09-03 20:02:44', '', '2023-10-21 21:31:21');
INSERT INTO `gen_table_column` VALUES (94, 9, 'del_flag', '删除标志（0代表存在 2代表删除）', 'char(1)', 'String', 'delFlag', '0', '0', NULL, NULL, NULL, NULL, NULL, 'EQ', 'input', '', 7, 'admin', '2023-09-03 20:02:44', '', '2023-10-21 21:31:22');
INSERT INTO `gen_table_column` VALUES (95, 9, 'create_by', '创建者', 'varchar(64)', 'String', 'createBy', '0', '0', NULL, NULL, NULL, NULL, NULL, 'EQ', 'input', '', 8, 'admin', '2023-09-03 20:02:44', '', '2023-10-21 21:31:22');
INSERT INTO `gen_table_column` VALUES (96, 9, 'create_time', '创建时间', 'datetime', 'Date', 'createTime', '0', '0', NULL, NULL, NULL, NULL, NULL, 'EQ', 'datetime', '', 9, 'admin', '2023-09-03 20:02:44', '', '2023-10-21 21:31:22');
INSERT INTO `gen_table_column` VALUES (97, 9, 'update_by', '更新者', 'varchar(64)', 'String', 'updateBy', '0', '0', NULL, NULL, NULL, NULL, NULL, 'EQ', 'input', '', 10, 'admin', '2023-09-03 20:02:44', '', '2023-10-21 21:31:22');
INSERT INTO `gen_table_column` VALUES (98, 9, 'update_time', '更新时间', 'datetime', 'Date', 'updateTime', '0', '0', NULL, NULL, NULL, NULL, NULL, 'EQ', 'datetime', '', 11, 'admin', '2023-09-03 20:02:44', '', '2023-10-21 21:31:22');
INSERT INTO `gen_table_column` VALUES (99, 9, 'remark', '备注', 'varchar(500)', 'String', 'remark', '0', '0', NULL, '1', '1', '1', NULL, 'EQ', 'textarea', '', 12, 'admin', '2023-09-03 20:02:44', '', '2023-10-21 21:31:22');

-- ----------------------------
-- Table structure for sys_config
-- ----------------------------
DROP TABLE IF EXISTS `sys_config`;
CREATE TABLE `sys_config`  (
  `config_id` int(11) NOT NULL AUTO_INCREMENT COMMENT '参数主键',
  `config_name` varchar(100) CHARACTER SET utf8mb4 COLLATE utf8mb4_general_ci NULL DEFAULT '' COMMENT '参数名称',
  `config_key` varchar(100) CHARACTER SET utf8mb4 COLLATE utf8mb4_general_ci NULL DEFAULT '' COMMENT '参数键名',
  `config_value` varchar(500) CHARACTER SET utf8mb4 COLLATE utf8mb4_general_ci NULL DEFAULT '' COMMENT '参数键值',
  `config_type` char(1) CHARACTER SET utf8mb4 COLLATE utf8mb4_general_ci NULL DEFAULT 'N' COMMENT '系统内置（Y是 N否）',
  `create_by` varchar(64) CHARACTER SET utf8mb4 COLLATE utf8mb4_general_ci NULL DEFAULT '' COMMENT '创建者',
  `create_time` datetime NULL DEFAULT NULL COMMENT '创建时间',
  `update_by` varchar(64) CHARACTER SET utf8mb4 COLLATE utf8mb4_general_ci NULL DEFAULT '' COMMENT '更新者',
  `update_time` datetime NULL DEFAULT NULL COMMENT '更新时间',
  `remark` varchar(500) CHARACTER SET utf8mb4 COLLATE utf8mb4_general_ci NULL DEFAULT NULL COMMENT '备注',
  PRIMARY KEY (`config_id`) USING BTREE
) ENGINE = InnoDB AUTO_INCREMENT = 103 CHARACTER SET = utf8mb4 COLLATE = utf8mb4_general_ci COMMENT = '参数配置表' ROW_FORMAT = Dynamic;

-- ----------------------------
-- Records of sys_config
-- ----------------------------
INSERT INTO `sys_config` VALUES (1, '主框架页-默认皮肤样式名称', 'sys.index.skinName', 'skin-blue', 'Y', 'admin', '2023-08-14 14:46:27', 'admin', '2023-08-14 23:14:06', '蓝色 skin-blue、绿色 skin-green、紫色 skin-purple、红色 skin-red、黄色 skin-yellow');
INSERT INTO `sys_config` VALUES (2, '用户管理-账号初始密码', 'sys.user.initPassword', '123456', 'Y', 'admin', '2023-08-14 14:46:27', '', NULL, '初始化密码 123456');
INSERT INTO `sys_config` VALUES (3, '主框架页-侧边栏主题', 'sys.index.sideTheme', 'theme-light', 'Y', 'admin', '2023-08-14 14:46:27', 'admin', '2023-08-14 21:28:48', '深色主题theme-dark，浅色主题theme-light');
INSERT INTO `sys_config` VALUES (4, '账号自助-验证码开关', 'sys.account.captchaEnabled', 'true', 'Y', 'admin', '2023-08-14 14:46:27', 'admin', '2023-10-12 22:49:42', '是否开启验证码功能（true开启，false关闭）');
INSERT INTO `sys_config` VALUES (5, '账号自助-是否开启用户注册功能', 'sys.account.registerUser', 'false', 'Y', 'admin', '2023-08-14 14:46:27', 'admin', '2023-08-24 17:31:25', '是否开启注册用户功能（true开启，false关闭）');
INSERT INTO `sys_config` VALUES (6, '用户登录-黑名单列表', 'sys.login.blackIPList', '', 'Y', 'admin', '2023-08-14 14:46:27', '', NULL, '设置登录IP黑名单限制，多个匹配项以;分隔，支持匹配（*通配、网段）');
INSERT INTO `sys_config` VALUES (101, '手机验证码登录', 'sys.account.smsEnabled', 'false', 'Y', 'admin', '2023-09-15 00:43:30', 'admin', '2023-10-12 22:49:30', '是否开启手机验证码登录或注册（开启：true  关闭：false）');
INSERT INTO `sys_config` VALUES (102, '云服务-云储存', 'sys.cloud.storageEnabled', 'true', 'Y', 'admin', '2023-10-20 23:02:05', 'admin', '2023-10-20 23:10:03', '是否启用云存储服务，true-开启，false-不开启（使用服务器）');

-- ----------------------------
-- Table structure for sys_dept
-- ----------------------------
DROP TABLE IF EXISTS `sys_dept`;
CREATE TABLE `sys_dept`  (
  `dept_id` bigint(20) NOT NULL AUTO_INCREMENT COMMENT '部门id',
  `parent_id` bigint(20) NULL DEFAULT 0 COMMENT '父部门id',
  `ancestors` varchar(50) CHARACTER SET utf8mb4 COLLATE utf8mb4_general_ci NULL DEFAULT '' COMMENT '祖级列表',
  `dept_name` varchar(30) CHARACTER SET utf8mb4 COLLATE utf8mb4_general_ci NULL DEFAULT '' COMMENT '部门名称',
  `order_num` int(11) NULL DEFAULT 0 COMMENT '显示顺序',
  `leader` varchar(20) CHARACTER SET utf8mb4 COLLATE utf8mb4_general_ci NULL DEFAULT NULL COMMENT '负责人',
  `phone` varchar(11) CHARACTER SET utf8mb4 COLLATE utf8mb4_general_ci NULL DEFAULT NULL COMMENT '联系电话',
  `email` varchar(50) CHARACTER SET utf8mb4 COLLATE utf8mb4_general_ci NULL DEFAULT NULL COMMENT '邮箱',
  `status` char(1) CHARACTER SET utf8mb4 COLLATE utf8mb4_general_ci NULL DEFAULT '0' COMMENT '部门状态（0正常 1停用）',
  `del_flag` char(1) CHARACTER SET utf8mb4 COLLATE utf8mb4_general_ci NULL DEFAULT '0' COMMENT '删除标志（0代表存在 2代表删除）',
  `create_by` varchar(64) CHARACTER SET utf8mb4 COLLATE utf8mb4_general_ci NULL DEFAULT '' COMMENT '创建者',
  `create_time` datetime NULL DEFAULT NULL COMMENT '创建时间',
  `update_by` varchar(64) CHARACTER SET utf8mb4 COLLATE utf8mb4_general_ci NULL DEFAULT '' COMMENT '更新者',
  `update_time` datetime NULL DEFAULT NULL COMMENT '更新时间',
  PRIMARY KEY (`dept_id`) USING BTREE
) ENGINE = InnoDB AUTO_INCREMENT = 200 CHARACTER SET = utf8mb4 COLLATE = utf8mb4_general_ci COMMENT = '部门表' ROW_FORMAT = Dynamic;

-- ----------------------------
-- Records of sys_dept
-- ----------------------------
INSERT INTO `sys_dept` VALUES (100, 0, '0', '同乂科技', 0, '同乂', '15888888888', 'ry@qq.com', '0', '0', 'admin', '2023-08-14 14:46:26', '', NULL);
INSERT INTO `sys_dept` VALUES (101, 100, '0,100', '安徽总公司', 1, '同乂', '15888888888', 'ry@qq.com', '0', '0', 'admin', '2023-08-14 14:46:26', '', NULL);
INSERT INTO `sys_dept` VALUES (102, 100, '0,100', '合肥分公司', 2, '同乂', '15888888888', 'ry@qq.com', '0', '0', 'admin', '2023-08-14 14:46:26', '', NULL);
INSERT INTO `sys_dept` VALUES (103, 101, '0,100,101', '研发部门', 1, '同乂', '15888888888', 'ry@qq.com', '0', '0', 'admin', '2023-08-14 14:46:26', '', NULL);
INSERT INTO `sys_dept` VALUES (104, 101, '0,100,101', '市场部门', 2, '同乂', '15888888888', 'ry@qq.com', '0', '0', 'admin', '2023-08-14 14:46:26', '', NULL);
INSERT INTO `sys_dept` VALUES (105, 101, '0,100,101', '测试部门', 3, '同乂', '15888888888', 'ry@qq.com', '0', '0', 'admin', '2023-08-14 14:46:26', '', NULL);
INSERT INTO `sys_dept` VALUES (106, 101, '0,100,101', '财务部门', 4, '同乂', '15888888888', 'ry@qq.com', '0', '0', 'admin', '2023-08-14 14:46:26', '', NULL);
INSERT INTO `sys_dept` VALUES (107, 101, '0,100,101', '运维部门', 5, '同乂', '15888888888', 'ry@qq.com', '0', '0', 'admin', '2023-08-14 14:46:26', '', NULL);
INSERT INTO `sys_dept` VALUES (108, 102, '0,100,102', '市场部门', 1, '同乂', '15888888888', 'ry@qq.com', '0', '0', 'admin', '2023-08-14 14:46:26', '', NULL);
INSERT INTO `sys_dept` VALUES (109, 102, '0,100,102', '财务部门', 2, '同乂', '15888888888', 'ry@qq.com', '0', '0', 'admin', '2023-08-14 14:46:26', '', NULL);

-- ----------------------------
-- Table structure for sys_dict_data
-- ----------------------------
DROP TABLE IF EXISTS `sys_dict_data`;
CREATE TABLE `sys_dict_data`  (
  `dict_code` bigint(20) NOT NULL AUTO_INCREMENT COMMENT '字典编码',
  `dict_sort` int(11) NULL DEFAULT 0 COMMENT '字典排序',
  `dict_label` varchar(100) CHARACTER SET utf8mb4 COLLATE utf8mb4_general_ci NULL DEFAULT '' COMMENT '字典标签',
  `dict_value` varchar(100) CHARACTER SET utf8mb4 COLLATE utf8mb4_general_ci NULL DEFAULT '' COMMENT '字典键值',
  `dict_type` varchar(100) CHARACTER SET utf8mb4 COLLATE utf8mb4_general_ci NULL DEFAULT '' COMMENT '字典类型',
  `css_class` varchar(100) CHARACTER SET utf8mb4 COLLATE utf8mb4_general_ci NULL DEFAULT NULL COMMENT '样式属性（其他样式扩展）',
  `list_class` varchar(100) CHARACTER SET utf8mb4 COLLATE utf8mb4_general_ci NULL DEFAULT NULL COMMENT '表格回显样式',
  `is_default` char(1) CHARACTER SET utf8mb4 COLLATE utf8mb4_general_ci NULL DEFAULT 'N' COMMENT '是否默认（Y是 N否）',
  `status` char(1) CHARACTER SET utf8mb4 COLLATE utf8mb4_general_ci NULL DEFAULT '0' COMMENT '状态（0正常 1停用）',
  `create_by` varchar(64) CHARACTER SET utf8mb4 COLLATE utf8mb4_general_ci NULL DEFAULT '' COMMENT '创建者',
  `create_time` datetime NULL DEFAULT NULL COMMENT '创建时间',
  `update_by` varchar(64) CHARACTER SET utf8mb4 COLLATE utf8mb4_general_ci NULL DEFAULT '' COMMENT '更新者',
  `update_time` datetime NULL DEFAULT NULL COMMENT '更新时间',
  `remark` varchar(500) CHARACTER SET utf8mb4 COLLATE utf8mb4_general_ci NULL DEFAULT NULL COMMENT '备注',
  PRIMARY KEY (`dict_code`) USING BTREE
) ENGINE = InnoDB AUTO_INCREMENT = 109 CHARACTER SET = utf8mb4 COLLATE = utf8mb4_general_ci COMMENT = '字典数据表' ROW_FORMAT = Dynamic;

-- ----------------------------
-- Records of sys_dict_data
-- ----------------------------
INSERT INTO `sys_dict_data` VALUES (1, 1, '男', '0', 'sys_user_sex', '', '', 'Y', '0', 'admin', '2023-08-14 14:46:27', '', NULL, '性别男');
INSERT INTO `sys_dict_data` VALUES (2, 2, '女', '1', 'sys_user_sex', '', '', 'N', '0', 'admin', '2023-08-14 14:46:27', '', NULL, '性别女');
INSERT INTO `sys_dict_data` VALUES (3, 3, '未知', '2', 'sys_user_sex', '', '', 'N', '0', 'admin', '2023-08-14 14:46:27', '', NULL, '性别未知');
INSERT INTO `sys_dict_data` VALUES (4, 1, '显示', '0', 'sys_show_hide', '', 'primary', 'Y', '0', 'admin', '2023-08-14 14:46:27', '', NULL, '显示菜单');
INSERT INTO `sys_dict_data` VALUES (5, 2, '隐藏', '1', 'sys_show_hide', '', 'danger', 'N', '0', 'admin', '2023-08-14 14:46:27', '', NULL, '隐藏菜单');
INSERT INTO `sys_dict_data` VALUES (6, 1, '正常', '0', 'sys_normal_disable', '', 'primary', 'Y', '0', 'admin', '2023-08-14 14:46:27', '', NULL, '正常状态');
INSERT INTO `sys_dict_data` VALUES (7, 2, '停用', '1', 'sys_normal_disable', '', 'danger', 'N', '0', 'admin', '2023-08-14 14:46:27', '', NULL, '停用状态');
INSERT INTO `sys_dict_data` VALUES (8, 1, '正常', '0', 'sys_job_status', '', 'primary', 'Y', '0', 'admin', '2023-08-14 14:46:27', '', NULL, '正常状态');
INSERT INTO `sys_dict_data` VALUES (9, 2, '暂停', '1', 'sys_job_status', '', 'danger', 'N', '0', 'admin', '2023-08-14 14:46:27', '', NULL, '停用状态');
INSERT INTO `sys_dict_data` VALUES (10, 1, '默认', 'DEFAULT', 'sys_job_group', '', '', 'Y', '0', 'admin', '2023-08-14 14:46:27', '', NULL, '默认分组');
INSERT INTO `sys_dict_data` VALUES (11, 2, '系统', 'SYSTEM', 'sys_job_group', '', '', 'N', '0', 'admin', '2023-08-14 14:46:27', '', NULL, '系统分组');
INSERT INTO `sys_dict_data` VALUES (12, 1, '是', 'Y', 'sys_yes_no', '', 'primary', 'Y', '0', 'admin', '2023-08-14 14:46:27', '', NULL, '系统默认是');
INSERT INTO `sys_dict_data` VALUES (13, 2, '否', 'N', 'sys_yes_no', '', 'danger', 'N', '0', 'admin', '2023-08-14 14:46:27', '', NULL, '系统默认否');
INSERT INTO `sys_dict_data` VALUES (14, 1, '系统通知', '1', 'sys_notice_type', '', 'info', 'Y', '0', 'admin', '2023-08-14 14:46:27', 'admin', '2023-09-07 22:34:56', '系统级别通知');
INSERT INTO `sys_dict_data` VALUES (15, 4, '公告', '4', 'sys_notice_type', '', 'warning', 'N', '0', 'admin', '2023-08-14 14:46:27', 'admin', '2023-09-07 22:32:29', '公告');
INSERT INTO `sys_dict_data` VALUES (16, 1, '已发布', '1', 'sys_notice_status', '', 'success', 'Y', '0', 'admin', '2023-08-14 14:46:27', 'admin', '2023-09-05 21:38:54', '已发布状态');
INSERT INTO `sys_dict_data` VALUES (17, 2, '未发布', '0', 'sys_notice_status', '', 'danger', 'N', '0', 'admin', '2023-08-14 14:46:27', 'admin', '2023-09-05 21:38:58', '未发布状态');
INSERT INTO `sys_dict_data` VALUES (18, 99, '其他', '0', 'sys_oper_type', '', 'info', 'N', '0', 'admin', '2023-08-14 14:46:27', '', NULL, '其他操作');
INSERT INTO `sys_dict_data` VALUES (19, 1, '新增', '1', 'sys_oper_type', '', 'info', 'N', '0', 'admin', '2023-08-14 14:46:27', '', NULL, '新增操作');
INSERT INTO `sys_dict_data` VALUES (20, 2, '修改', '2', 'sys_oper_type', '', 'info', 'N', '0', 'admin', '2023-08-14 14:46:27', '', NULL, '修改操作');
INSERT INTO `sys_dict_data` VALUES (21, 3, '删除', '3', 'sys_oper_type', '', 'danger', 'N', '0', 'admin', '2023-08-14 14:46:27', '', NULL, '删除操作');
INSERT INTO `sys_dict_data` VALUES (22, 4, '授权', '4', 'sys_oper_type', '', 'primary', 'N', '0', 'admin', '2023-08-14 14:46:27', '', NULL, '授权操作');
INSERT INTO `sys_dict_data` VALUES (23, 5, '导出', '5', 'sys_oper_type', '', 'warning', 'N', '0', 'admin', '2023-08-14 14:46:27', '', NULL, '导出操作');
INSERT INTO `sys_dict_data` VALUES (24, 6, '导入', '6', 'sys_oper_type', '', 'warning', 'N', '0', 'admin', '2023-08-14 14:46:27', '', NULL, '导入操作');
INSERT INTO `sys_dict_data` VALUES (25, 7, '强退', '7', 'sys_oper_type', '', 'danger', 'N', '0', 'admin', '2023-08-14 14:46:27', '', NULL, '强退操作');
INSERT INTO `sys_dict_data` VALUES (26, 8, '生成代码', '8', 'sys_oper_type', '', 'warning', 'N', '0', 'admin', '2023-08-14 14:46:27', '', NULL, '生成操作');
INSERT INTO `sys_dict_data` VALUES (27, 9, '清空数据', '9', 'sys_oper_type', '', 'danger', 'N', '0', 'admin', '2023-08-14 14:46:27', '', NULL, '清空操作');
INSERT INTO `sys_dict_data` VALUES (28, 1, '成功', '0', 'sys_common_status', '', 'primary', 'N', '0', 'admin', '2023-08-14 14:46:27', '', NULL, '正常状态');
INSERT INTO `sys_dict_data` VALUES (29, 2, '失败', '1', 'sys_common_status', '', 'danger', 'N', '0', 'admin', '2023-08-14 14:46:27', '', NULL, '停用状态');
INSERT INTO `sys_dict_data` VALUES (100, 1, '未读', '0', 'sys_notice_read', NULL, 'danger', 'N', '0', 'admin', '2023-09-03 22:37:08', 'admin', '2023-09-03 22:44:23', '通知公告未读');
INSERT INTO `sys_dict_data` VALUES (101, 2, '已读', '1', 'sys_notice_read', NULL, 'success', 'N', '0', 'admin', '2023-09-03 22:37:31', 'admin', '2023-09-03 22:44:14', '通知公告已读');
INSERT INTO `sys_dict_data` VALUES (103, 1, '普通', '1', 'sys_notice_weight', NULL, 'default', 'N', '0', 'admin', '2023-09-06 09:49:38', 'admin', '2023-09-06 22:56:00', '普通通知');
INSERT INTO `sys_dict_data` VALUES (104, 2, '中等', '2', 'sys_notice_weight', NULL, 'primary', 'N', '0', 'admin', '2023-09-06 22:55:52', 'admin', '2023-09-06 22:59:10', '中等级通知，有一点重要');
INSERT INTO `sys_dict_data` VALUES (105, 3, '重要', '3', 'sys_notice_weight', NULL, 'warning', 'N', '0', 'admin', '2023-09-06 22:57:02', 'admin', '2023-09-06 22:59:18', '高等级通知，重要');
INSERT INTO `sys_dict_data` VALUES (106, 4, '紧急', '4', 'sys_notice_weight', NULL, 'danger', 'N', '0', 'admin', '2023-09-06 22:58:16', '', NULL, '最高等级通知，需立即通知');
INSERT INTO `sys_dict_data` VALUES (107, 2, '公司通知', '2', 'sys_notice_type', NULL, 'danger', 'N', '0', 'admin', '2023-09-07 22:31:22', 'admin', '2023-09-07 22:34:42', '公司级别通知');
INSERT INTO `sys_dict_data` VALUES (108, 3, '部门通知', '3', 'sys_notice_type', NULL, 'primary', 'N', '0', 'admin', '2023-09-07 22:33:51', 'admin', '2023-09-07 22:35:06', '部门级别通知');

-- ----------------------------
-- Table structure for sys_dict_type
-- ----------------------------
DROP TABLE IF EXISTS `sys_dict_type`;
CREATE TABLE `sys_dict_type`  (
  `dict_id` bigint(20) NOT NULL AUTO_INCREMENT COMMENT '字典主键',
  `dict_name` varchar(100) CHARACTER SET utf8mb4 COLLATE utf8mb4_general_ci NULL DEFAULT '' COMMENT '字典名称',
  `dict_type` varchar(100) CHARACTER SET utf8mb4 COLLATE utf8mb4_general_ci NULL DEFAULT '' COMMENT '字典类型',
  `status` char(1) CHARACTER SET utf8mb4 COLLATE utf8mb4_general_ci NULL DEFAULT '0' COMMENT '状态（0正常 1停用）',
  `create_by` varchar(64) CHARACTER SET utf8mb4 COLLATE utf8mb4_general_ci NULL DEFAULT '' COMMENT '创建者',
  `create_time` datetime NULL DEFAULT NULL COMMENT '创建时间',
  `update_by` varchar(64) CHARACTER SET utf8mb4 COLLATE utf8mb4_general_ci NULL DEFAULT '' COMMENT '更新者',
  `update_time` datetime NULL DEFAULT NULL COMMENT '更新时间',
  `remark` varchar(500) CHARACTER SET utf8mb4 COLLATE utf8mb4_general_ci NULL DEFAULT NULL COMMENT '备注',
  PRIMARY KEY (`dict_id`) USING BTREE,
  UNIQUE INDEX `dict_type`(`dict_type`) USING BTREE
) ENGINE = InnoDB AUTO_INCREMENT = 102 CHARACTER SET = utf8mb4 COLLATE = utf8mb4_general_ci COMMENT = '字典类型表' ROW_FORMAT = Dynamic;

-- ----------------------------
-- Records of sys_dict_type
-- ----------------------------
INSERT INTO `sys_dict_type` VALUES (1, '用户性别', 'sys_user_sex', '0', 'admin', '2023-08-14 14:46:27', '', NULL, '用户性别列表');
INSERT INTO `sys_dict_type` VALUES (2, '菜单状态', 'sys_show_hide', '0', 'admin', '2023-08-14 14:46:27', '', NULL, '菜单状态列表');
INSERT INTO `sys_dict_type` VALUES (3, '系统开关', 'sys_normal_disable', '0', 'admin', '2023-08-14 14:46:27', '', NULL, '系统开关列表');
INSERT INTO `sys_dict_type` VALUES (4, '任务状态', 'sys_job_status', '0', 'admin', '2023-08-14 14:46:27', '', NULL, '任务状态列表');
INSERT INTO `sys_dict_type` VALUES (5, '任务分组', 'sys_job_group', '0', 'admin', '2023-08-14 14:46:27', '', NULL, '任务分组列表');
INSERT INTO `sys_dict_type` VALUES (6, '系统是否', 'sys_yes_no', '0', 'admin', '2023-08-14 14:46:27', '', NULL, '系统是否列表');
INSERT INTO `sys_dict_type` VALUES (7, '通知类型', 'sys_notice_type', '0', 'admin', '2023-08-14 14:46:27', '', NULL, '通知类型列表');
INSERT INTO `sys_dict_type` VALUES (8, '通知状态', 'sys_notice_status', '0', 'admin', '2023-08-14 14:46:27', '', NULL, '通知状态列表');
INSERT INTO `sys_dict_type` VALUES (9, '操作类型', 'sys_oper_type', '0', 'admin', '2023-08-14 14:46:27', '', NULL, '操作类型列表');
INSERT INTO `sys_dict_type` VALUES (10, '系统状态', 'sys_common_status', '0', 'admin', '2023-08-14 14:46:27', '', NULL, '登录状态列表');
INSERT INTO `sys_dict_type` VALUES (100, '通知阅读状态', 'sys_notice_read', '0', 'admin', '2023-09-03 22:35:33', '', NULL, '通知公告阅读状态');
INSERT INTO `sys_dict_type` VALUES (101, '通知重要等级', 'sys_notice_weight', '0', 'admin', '2023-09-06 09:49:04', '', NULL, '通知的重要等级和权重');

-- ----------------------------
-- Table structure for sys_job
-- ----------------------------
DROP TABLE IF EXISTS `sys_job`;
CREATE TABLE `sys_job`  (
  `job_id` bigint(20) NOT NULL AUTO_INCREMENT COMMENT '任务ID',
  `job_name` varchar(64) CHARACTER SET utf8mb4 COLLATE utf8mb4_general_ci NOT NULL DEFAULT '' COMMENT '任务名称',
  `job_group` varchar(64) CHARACTER SET utf8mb4 COLLATE utf8mb4_general_ci NOT NULL DEFAULT 'DEFAULT' COMMENT '任务组名',
  `invoke_target` varchar(500) CHARACTER SET utf8mb4 COLLATE utf8mb4_general_ci NOT NULL COMMENT '调用目标字符串',
  `cron_expression` varchar(255) CHARACTER SET utf8mb4 COLLATE utf8mb4_general_ci NULL DEFAULT '' COMMENT 'cron执行表达式',
  `misfire_policy` varchar(20) CHARACTER SET utf8mb4 COLLATE utf8mb4_general_ci NULL DEFAULT '3' COMMENT '计划执行错误策略（1立即执行 2执行一次 3放弃执行）',
  `concurrent` char(1) CHARACTER SET utf8mb4 COLLATE utf8mb4_general_ci NULL DEFAULT '1' COMMENT '是否并发执行（0允许 1禁止）',
  `status` char(1) CHARACTER SET utf8mb4 COLLATE utf8mb4_general_ci NULL DEFAULT '0' COMMENT '状态（0正常 1暂停）',
  `create_by` varchar(64) CHARACTER SET utf8mb4 COLLATE utf8mb4_general_ci NULL DEFAULT '' COMMENT '创建者',
  `create_time` datetime NULL DEFAULT NULL COMMENT '创建时间',
  `update_by` varchar(64) CHARACTER SET utf8mb4 COLLATE utf8mb4_general_ci NULL DEFAULT '' COMMENT '更新者',
  `update_time` datetime NULL DEFAULT NULL COMMENT '更新时间',
  `remark` varchar(500) CHARACTER SET utf8mb4 COLLATE utf8mb4_general_ci NULL DEFAULT '' COMMENT '备注信息',
  PRIMARY KEY (`job_id`, `job_name`, `job_group`) USING BTREE
) ENGINE = InnoDB AUTO_INCREMENT = 101 CHARACTER SET = utf8mb4 COLLATE = utf8mb4_general_ci COMMENT = '定时任务调度表' ROW_FORMAT = Dynamic;

-- ----------------------------
-- Records of sys_job
-- ----------------------------
INSERT INTO `sys_job` VALUES (1, '系统默认（无参）', 'DEFAULT', 'ryTask.ryNoParams', '0/10 * * * * ?', '3', '0', '1', 'admin', '2023-08-14 14:46:27', 'admin', '2023-08-24 14:15:58', '');
INSERT INTO `sys_job` VALUES (2, '系统默认（有参）', 'DEFAULT', 'ryTask.ryParams(\'ry\')', '0/15 * * * * ?', '3', '1', '1', 'admin', '2023-08-14 14:46:27', '', NULL, '');
INSERT INTO `sys_job` VALUES (3, '系统默认（多参）', 'DEFAULT', 'ryTask.ryMultipleParams(\'ry\', true, 2000L, 316.50D, 100)', '0/20 * * * * ?', '3', '1', '1', 'admin', '2023-08-14 14:46:27', 'admin', '2023-08-22 17:13:37', '');
INSERT INTO `sys_job` VALUES (100, '定时清除日志(7天/次)', 'DEFAULT', 'taTask.clearAllLog(7)', '0 0 3 1/7 * ?', '1', '1', '0', 'admin', '2023-08-18 11:41:21', 'admin', '2023-09-09 22:14:09', '');

-- ----------------------------
-- Table structure for sys_job_log
-- ----------------------------
DROP TABLE IF EXISTS `sys_job_log`;
CREATE TABLE `sys_job_log`  (
  `job_log_id` bigint(20) NOT NULL AUTO_INCREMENT COMMENT '任务日志ID',
  `job_name` varchar(64) CHARACTER SET utf8mb4 COLLATE utf8mb4_general_ci NOT NULL COMMENT '任务名称',
  `job_group` varchar(64) CHARACTER SET utf8mb4 COLLATE utf8mb4_general_ci NOT NULL COMMENT '任务组名',
  `invoke_target` varchar(500) CHARACTER SET utf8mb4 COLLATE utf8mb4_general_ci NOT NULL COMMENT '调用目标字符串',
  `job_message` varchar(500) CHARACTER SET utf8mb4 COLLATE utf8mb4_general_ci NULL DEFAULT NULL COMMENT '日志信息',
  `status` char(1) CHARACTER SET utf8mb4 COLLATE utf8mb4_general_ci NULL DEFAULT '0' COMMENT '执行状态（0正常 1失败）',
  `exception_info` varchar(2000) CHARACTER SET utf8mb4 COLLATE utf8mb4_general_ci NULL DEFAULT '' COMMENT '异常信息',
  `create_time` datetime NULL DEFAULT NULL COMMENT '创建时间',
  PRIMARY KEY (`job_log_id`) USING BTREE
) ENGINE = InnoDB AUTO_INCREMENT = 9 CHARACTER SET = utf8mb4 COLLATE = utf8mb4_general_ci COMMENT = '定时任务调度日志表' ROW_FORMAT = Dynamic;

-- ----------------------------
-- Records of sys_job_log
-- ----------------------------
INSERT INTO `sys_job_log` VALUES (1, '定时清除日志(7天/次)', 'DEFAULT', 'taTask.clearAllLog(7)', '定时清除日志(7天/次) 总共耗时：117毫秒', '0', '', '2023-08-24 10:59:54');
INSERT INTO `sys_job_log` VALUES (2, '定时清除日志(7天/次)', 'DEFAULT', 'taTask.clearAllLog(7)', '定时清除日志(7天/次) 总共耗时：255毫秒', '0', '', '2023-08-28 22:49:55');
INSERT INTO `sys_job_log` VALUES (3, '定时清除日志(7天/次)', 'DEFAULT', 'taTask.clearAllLog(7)', '定时清除日志(7天/次) 总共耗时：212毫秒', '0', '', '2023-09-01 03:03:10');
INSERT INTO `sys_job_log` VALUES (4, '定时清除日志(7天/次)', 'DEFAULT', 'taTask.clearAllLog(7)', '定时清除日志(7天/次) 总共耗时：92毫秒', '0', '', '2023-09-08 03:00:00');
INSERT INTO `sys_job_log` VALUES (5, '定时清除日志(7天/次)', 'DEFAULT', 'taTask.clearAllLog(7)', '定时清除日志(7天/次) 总共耗时：122毫秒', '0', '', '2023-09-15 03:00:00');
INSERT INTO `sys_job_log` VALUES (6, '定时清除日志(7天/次)', 'DEFAULT', 'taTask.clearAllLog(7)', '定时清除日志(7天/次) 总共耗时：316毫秒', '0', '', '2023-10-22 03:00:00');
INSERT INTO `sys_job_log` VALUES (7, '定时清除日志(7天/次)', 'DEFAULT', 'taTask.clearAllLog(7)', '定时清除日志(7天/次) 总共耗时：282毫秒', '0', '', '2023-10-29 03:00:00');
INSERT INTO `sys_job_log` VALUES (8, '定时清除日志(7天/次)', 'DEFAULT', 'taTask.clearAllLog(7)', '定时清除日志(7天/次) 总共耗时：89毫秒', '0', '', '2023-11-01 03:00:00');

-- ----------------------------
-- Table structure for sys_logininfor
-- ----------------------------
DROP TABLE IF EXISTS `sys_logininfor`;
CREATE TABLE `sys_logininfor`  (
  `info_id` bigint(20) NOT NULL AUTO_INCREMENT COMMENT '访问ID',
  `user_name` varchar(50) CHARACTER SET utf8mb4 COLLATE utf8mb4_general_ci NULL DEFAULT '' COMMENT '用户账号',
  `ipaddr` varchar(128) CHARACTER SET utf8mb4 COLLATE utf8mb4_general_ci NULL DEFAULT '' COMMENT '登录IP地址',
  `login_location` varchar(255) CHARACTER SET utf8mb4 COLLATE utf8mb4_general_ci NULL DEFAULT '' COMMENT '登录地点',
  `browser` varchar(50) CHARACTER SET utf8mb4 COLLATE utf8mb4_general_ci NULL DEFAULT '' COMMENT '浏览器类型',
  `os` varchar(50) CHARACTER SET utf8mb4 COLLATE utf8mb4_general_ci NULL DEFAULT '' COMMENT '操作系统',
  `status` char(1) CHARACTER SET utf8mb4 COLLATE utf8mb4_general_ci NULL DEFAULT '0' COMMENT '登录状态（0成功 1失败）',
  `msg` varchar(255) CHARACTER SET utf8mb4 COLLATE utf8mb4_general_ci NULL DEFAULT '' COMMENT '提示消息',
  `login_time` datetime NULL DEFAULT NULL COMMENT '访问时间',
  PRIMARY KEY (`info_id`) USING BTREE,
  INDEX `idx_sys_logininfor_s`(`status`) USING BTREE,
  INDEX `idx_sys_logininfor_lt`(`login_time`) USING BTREE
) ENGINE = InnoDB AUTO_INCREMENT = 485 CHARACTER SET = utf8mb4 COLLATE = utf8mb4_general_ci COMMENT = '系统访问记录' ROW_FORMAT = Dynamic;

-- ----------------------------
-- Records of sys_logininfor
-- ----------------------------
INSERT INTO `sys_logininfor` VALUES (100, 'admin', '127.0.0.1', '内网IP', 'Chrome 11', 'Mac OS X', '1', '用户不存在/密码错误', '2023-08-14 14:58:08');
INSERT INTO `sys_logininfor` VALUES (101, 'admin', '127.0.0.1', '内网IP', 'Chrome 11', 'Mac OS X', '1', '密码输入错误1次', '2023-08-14 14:58:08');
INSERT INTO `sys_logininfor` VALUES (102, 'admin', '127.0.0.1', '内网IP', 'Chrome 11', 'Mac OS X', '1', '用户不存在/密码错误', '2023-08-14 14:58:23');
INSERT INTO `sys_logininfor` VALUES (103, 'admin', '127.0.0.1', '内网IP', 'Chrome 11', 'Mac OS X', '1', '密码输入错误2次', '2023-08-14 14:58:23');
INSERT INTO `sys_logininfor` VALUES (104, 'admin', '127.0.0.1', '内网IP', 'Chrome 11', 'Mac OS X', '1', '用户不存在/密码错误', '2023-08-14 14:58:32');
INSERT INTO `sys_logininfor` VALUES (105, 'admin', '127.0.0.1', '内网IP', 'Chrome 11', 'Mac OS X', '1', '密码输入错误3次', '2023-08-14 14:58:32');
INSERT INTO `sys_logininfor` VALUES (106, 'admin', '127.0.0.1', '内网IP', 'Chrome 11', 'Mac OS X', '1', '验证码错误', '2023-08-14 14:59:17');
INSERT INTO `sys_logininfor` VALUES (107, 'admin', '127.0.0.1', '内网IP', 'Chrome 11', 'Mac OS X', '1', '密码输入错误4次', '2023-08-14 14:59:20');
INSERT INTO `sys_logininfor` VALUES (108, 'admin', '127.0.0.1', '内网IP', 'Chrome 11', 'Mac OS X', '1', '用户不存在/密码错误', '2023-08-14 14:59:20');
INSERT INTO `sys_logininfor` VALUES (109, 'admin', '127.0.0.1', '内网IP', 'Chrome 11', 'Mac OS X', '0', '登录成功', '2023-08-14 15:00:09');
INSERT INTO `sys_logininfor` VALUES (110, 'admin', '127.0.0.1', '内网IP', 'Chrome 11', 'Mac OS X', '0', '退出成功', '2023-08-14 15:04:31');
INSERT INTO `sys_logininfor` VALUES (111, 'admin', '127.0.0.1', '内网IP', 'Chrome 11', 'Mac OS X', '1', '密码输入错误1次', '2023-08-14 15:04:33');
INSERT INTO `sys_logininfor` VALUES (112, 'admin', '127.0.0.1', '内网IP', 'Chrome 11', 'Mac OS X', '1', '用户不存在/密码错误', '2023-08-14 15:04:33');
INSERT INTO `sys_logininfor` VALUES (113, 'admin', '127.0.0.1', '内网IP', 'Chrome 11', 'Mac OS X', '0', '登录成功', '2023-08-14 15:04:42');
INSERT INTO `sys_logininfor` VALUES (114, 'admin', '127.0.0.1', '内网IP', 'Chrome 11', 'Mac OS X', '1', '密码输入错误1次', '2023-08-14 16:03:07');
INSERT INTO `sys_logininfor` VALUES (115, 'admin', '127.0.0.1', '内网IP', 'Chrome 11', 'Mac OS X', '1', '用户不存在/密码错误', '2023-08-14 16:03:07');
INSERT INTO `sys_logininfor` VALUES (116, 'admin', '127.0.0.1', '内网IP', 'Chrome 11', 'Mac OS X', '0', '登录成功', '2023-08-14 16:03:13');
INSERT INTO `sys_logininfor` VALUES (117, 'admin', '127.0.0.1', '内网IP', 'Chrome 11', 'Mac OS X', '1', '密码输入错误1次', '2023-08-14 17:22:06');
INSERT INTO `sys_logininfor` VALUES (118, 'admin', '127.0.0.1', '内网IP', 'Chrome 11', 'Mac OS X', '1', '用户不存在/密码错误', '2023-08-14 17:22:06');
INSERT INTO `sys_logininfor` VALUES (119, 'admin', '127.0.0.1', '内网IP', 'Chrome 11', 'Mac OS X', '0', '登录成功', '2023-08-14 17:22:11');
INSERT INTO `sys_logininfor` VALUES (120, 'admin', '127.0.0.1', '内网IP', 'Chrome 11', 'Mac OS X', '0', '退出成功', '2023-08-14 17:30:50');
INSERT INTO `sys_logininfor` VALUES (121, 'takj', '127.0.0.1', '内网IP', 'Chrome 11', 'Mac OS X', '0', '登录成功', '2023-08-14 17:30:58');
INSERT INTO `sys_logininfor` VALUES (122, 'takj', '127.0.0.1', '内网IP', 'Chrome 11', 'Mac OS X', '0', '退出成功', '2023-08-14 17:31:10');
INSERT INTO `sys_logininfor` VALUES (123, 'admin', '127.0.0.1', '内网IP', 'Chrome 11', 'Mac OS X', '0', '登录成功', '2023-08-14 17:31:16');
INSERT INTO `sys_logininfor` VALUES (124, 'admin', '127.0.0.1', '内网IP', 'Chrome 11', 'Mac OS X', '0', '退出成功', '2023-08-14 17:32:15');
INSERT INTO `sys_logininfor` VALUES (125, 'takj', '127.0.0.1', '内网IP', 'Chrome 11', 'Mac OS X', '0', '登录成功', '2023-08-14 17:32:24');
INSERT INTO `sys_logininfor` VALUES (126, 'takj', '127.0.0.1', '内网IP', 'Chrome 11', 'Mac OS X', '0', '退出成功', '2023-08-14 17:38:27');
INSERT INTO `sys_logininfor` VALUES (127, 'takj', '127.0.0.1', '内网IP', 'Chrome 11', 'Mac OS X', '0', '登录成功', '2023-08-14 17:38:38');
INSERT INTO `sys_logininfor` VALUES (128, 'takj', '127.0.0.1', '内网IP', 'Chrome 11', 'Mac OS X', '0', '退出成功', '2023-08-14 17:39:18');
INSERT INTO `sys_logininfor` VALUES (129, 'admin', '127.0.0.1', '内网IP', 'Chrome 11', 'Mac OS X', '0', '登录成功', '2023-08-14 17:39:23');
INSERT INTO `sys_logininfor` VALUES (130, 'admin', '127.0.0.1', '内网IP', 'Chrome 11', 'Mac OS X', '0', '退出成功', '2023-08-14 17:57:08');
INSERT INTO `sys_logininfor` VALUES (131, 'takj', '127.0.0.1', '内网IP', 'Chrome 11', 'Mac OS X', '0', '登录成功', '2023-08-14 17:57:19');
INSERT INTO `sys_logininfor` VALUES (132, 'admin', '127.0.0.1', '内网IP', 'Chrome 11', 'Mac OS X', '0', '登录成功', '2023-08-14 18:27:32');
INSERT INTO `sys_logininfor` VALUES (133, 'admin', '127.0.0.1', '内网IP', 'Chrome 11', 'Mac OS X', '0', '登录成功', '2023-08-14 19:28:23');
INSERT INTO `sys_logininfor` VALUES (134, 'admin', '127.0.0.1', '内网IP', 'Chrome 11', 'Mac OS X', '0', '登录成功', '2023-08-14 20:26:48');
INSERT INTO `sys_logininfor` VALUES (135, 'admin', '127.0.0.1', '内网IP', 'Chrome 11', 'Mac OS X', '0', '登录成功', '2023-08-14 21:26:32');
INSERT INTO `sys_logininfor` VALUES (136, 'admin', '127.0.0.1', '内网IP', 'Chrome 11', 'Mac OS X', '0', '登录成功', '2023-08-14 23:07:21');
INSERT INTO `sys_logininfor` VALUES (137, 'admin', '127.0.0.1', '内网IP', 'Chrome 11', 'Mac OS X', '0', '退出成功', '2023-08-14 23:15:49');
INSERT INTO `sys_logininfor` VALUES (138, 'admin', '127.0.0.1', '内网IP', 'Chrome 11', 'Mac OS X', '0', '登录成功', '2023-08-14 23:15:54');
INSERT INTO `sys_logininfor` VALUES (139, 'admin', '127.0.0.1', '内网IP', 'Chrome 11', 'Mac OS X', '0', '退出成功', '2023-08-14 23:16:21');
INSERT INTO `sys_logininfor` VALUES (140, 'takj', '127.0.0.1', '内网IP', 'Chrome 11', 'Mac OS X', '0', '登录成功', '2023-08-14 23:16:35');
INSERT INTO `sys_logininfor` VALUES (141, 'takj', '127.0.0.1', '内网IP', 'Chrome 11', 'Mac OS X', '0', '退出成功', '2023-08-14 23:16:43');
INSERT INTO `sys_logininfor` VALUES (142, 'admin', '127.0.0.1', '内网IP', 'Chrome 11', 'Mac OS X', '1', '密码输入错误1次', '2023-08-14 23:16:45');
INSERT INTO `sys_logininfor` VALUES (143, 'admin', '127.0.0.1', '内网IP', 'Chrome 11', 'Mac OS X', '1', '用户不存在/密码错误', '2023-08-14 23:16:45');
INSERT INTO `sys_logininfor` VALUES (144, 'admin', '127.0.0.1', '内网IP', 'Chrome 11', 'Mac OS X', '0', '登录成功', '2023-08-14 23:16:48');
INSERT INTO `sys_logininfor` VALUES (145, 'admin', '127.0.0.1', '内网IP', 'Chrome 11', 'Mac OS X', '0', '退出成功', '2023-08-14 23:19:23');
INSERT INTO `sys_logininfor` VALUES (146, 'takj', '127.0.0.1', '内网IP', 'Chrome 11', 'Mac OS X', '1', '用户不存在/密码错误', '2023-08-14 23:19:32');
INSERT INTO `sys_logininfor` VALUES (147, 'takj', '127.0.0.1', '内网IP', 'Chrome 11', 'Mac OS X', '1', '密码输入错误1次', '2023-08-14 23:19:32');
INSERT INTO `sys_logininfor` VALUES (148, 'takj', '127.0.0.1', '内网IP', 'Chrome 11', 'Mac OS X', '0', '登录成功', '2023-08-14 23:19:34');
INSERT INTO `sys_logininfor` VALUES (149, 'takj', '127.0.0.1', '内网IP', 'Chrome 11', 'Mac OS X', '0', '退出成功', '2023-08-14 23:33:12');
INSERT INTO `sys_logininfor` VALUES (150, 'admin', '127.0.0.1', '内网IP', 'Chrome 11', 'Mac OS X', '0', '登录成功', '2023-08-14 23:33:16');
INSERT INTO `sys_logininfor` VALUES (151, 'admin', '127.0.0.1', '内网IP', 'Chrome 11', 'Mac OS X', '0', '登录成功', '2023-08-15 00:17:01');
INSERT INTO `sys_logininfor` VALUES (152, 'admin', '127.0.0.1', '内网IP', 'Chrome 11', 'Mac OS X', '0', '登录成功', '2023-08-15 09:26:55');
INSERT INTO `sys_logininfor` VALUES (153, 'admin', '127.0.0.1', '内网IP', 'Chrome 11', 'Mac OS X', '0', '登录成功', '2023-08-15 11:29:42');
INSERT INTO `sys_logininfor` VALUES (154, 'admin', '127.0.0.1', '内网IP', 'Chrome 11', 'Mac OS X', '0', '登录成功', '2023-08-15 14:58:09');
INSERT INTO `sys_logininfor` VALUES (155, 'admin', '127.0.0.1', '内网IP', 'Chrome 11', 'Mac OS X', '0', '登录成功', '2023-08-15 16:14:25');
INSERT INTO `sys_logininfor` VALUES (156, 'admin', '127.0.0.1', '内网IP', 'Chrome 11', 'Mac OS X', '0', '登录成功', '2023-08-16 14:20:06');
INSERT INTO `sys_logininfor` VALUES (157, 'admin', '127.0.0.1', '内网IP', 'Chrome 11', 'Mac OS X', '1', '用户不存在/密码错误', '2023-08-17 14:46:26');
INSERT INTO `sys_logininfor` VALUES (158, 'admin', '127.0.0.1', '内网IP', 'Chrome 11', 'Mac OS X', '1', '密码输入错误1次', '2023-08-17 14:46:26');
INSERT INTO `sys_logininfor` VALUES (159, 'admin', '127.0.0.1', '内网IP', 'Chrome 11', 'Mac OS X', '0', '登录成功', '2023-08-17 14:46:35');
INSERT INTO `sys_logininfor` VALUES (160, 'admin', '127.0.0.1', '内网IP', 'Chrome 11', 'Mac OS X', '1', '密码输入错误1次', '2023-08-17 16:14:47');
INSERT INTO `sys_logininfor` VALUES (161, 'admin', '127.0.0.1', '内网IP', 'Chrome 11', 'Mac OS X', '1', '用户不存在/密码错误', '2023-08-17 16:14:47');
INSERT INTO `sys_logininfor` VALUES (162, 'admin', '127.0.0.1', '内网IP', 'Chrome 11', 'Mac OS X', '0', '登录成功', '2023-08-17 16:14:55');
INSERT INTO `sys_logininfor` VALUES (163, 'admin', '127.0.0.1', '内网IP', 'Chrome 11', 'Mac OS X', '0', '登录成功', '2023-08-17 16:48:02');
INSERT INTO `sys_logininfor` VALUES (164, 'admin', '127.0.0.1', '内网IP', 'Chrome 11', 'Mac OS X', '0', '登录成功', '2023-08-17 18:29:34');
INSERT INTO `sys_logininfor` VALUES (165, 'admin', '127.0.0.1', '内网IP', 'Chrome 11', 'Mac OS X', '0', '登录成功', '2023-08-17 19:22:06');
INSERT INTO `sys_logininfor` VALUES (166, 'admin', '127.0.0.1', '内网IP', 'Chrome 11', 'Mac OS X', '0', '退出成功', '2023-08-17 19:43:52');
INSERT INTO `sys_logininfor` VALUES (167, 'admin', '127.0.0.1', '内网IP', 'Chrome 11', 'Mac OS X', '0', '登录成功', '2023-08-17 19:49:20');
INSERT INTO `sys_logininfor` VALUES (168, 'admin', '127.0.0.1', '内网IP', 'Chrome 11', 'Mac OS X', '0', '退出成功', '2023-08-17 20:07:35');
INSERT INTO `sys_logininfor` VALUES (169, 'takj', '127.0.0.1', '内网IP', 'Chrome 11', 'Mac OS X', '0', '登录成功', '2023-08-17 20:07:48');
INSERT INTO `sys_logininfor` VALUES (170, 'takj', '127.0.0.1', '内网IP', 'Chrome 11', 'Mac OS X', '0', '退出成功', '2023-08-17 20:10:34');
INSERT INTO `sys_logininfor` VALUES (171, 'admin', '127.0.0.1', '内网IP', 'Chrome 11', 'Mac OS X', '0', '登录成功', '2023-08-17 20:10:36');
INSERT INTO `sys_logininfor` VALUES (172, 'admin', '127.0.0.1', '内网IP', 'Chrome 11', 'Mac OS X', '0', '退出成功', '2023-08-17 20:12:55');
INSERT INTO `sys_logininfor` VALUES (173, 'takj', '127.0.0.1', '内网IP', 'Chrome 11', 'Mac OS X', '0', '登录成功', '2023-08-17 20:13:03');
INSERT INTO `sys_logininfor` VALUES (174, 'admin', '127.0.0.1', '内网IP', 'Chrome 11', 'Mac OS X', '0', '登录成功', '2023-08-17 21:21:02');
INSERT INTO `sys_logininfor` VALUES (175, 'admin', '127.0.0.1', '内网IP', 'Chrome 11', 'Mac OS X', '1', '密码输入错误1次', '2023-08-17 22:51:18');
INSERT INTO `sys_logininfor` VALUES (176, 'admin', '127.0.0.1', '内网IP', 'Chrome 11', 'Mac OS X', '1', '用户不存在/密码错误', '2023-08-17 22:51:18');
INSERT INTO `sys_logininfor` VALUES (177, 'admin', '127.0.0.1', '内网IP', 'Chrome 11', 'Mac OS X', '1', '用户不存在/密码错误', '2023-08-17 22:51:25');
INSERT INTO `sys_logininfor` VALUES (178, 'admin', '127.0.0.1', '内网IP', 'Chrome 11', 'Mac OS X', '1', '密码输入错误2次', '2023-08-17 22:51:28');
INSERT INTO `sys_logininfor` VALUES (179, 'admin', '127.0.0.1', '内网IP', 'Chrome 11', 'Mac OS X', '1', '用户不存在/密码错误', '2023-08-17 22:51:28');
INSERT INTO `sys_logininfor` VALUES (180, 'admin', '127.0.0.1', '内网IP', 'Chrome 11', 'Mac OS X', '1', '密码输入错误3次', '2023-08-17 22:51:30');
INSERT INTO `sys_logininfor` VALUES (181, 'admin', '127.0.0.1', '内网IP', 'Chrome 11', 'Mac OS X', '1', '用户不存在/密码错误', '2023-08-17 22:51:30');
INSERT INTO `sys_logininfor` VALUES (182, 'admin', '127.0.0.1', '内网IP', 'Chrome 11', 'Mac OS X', '0', '登录成功', '2023-08-17 22:51:35');
INSERT INTO `sys_logininfor` VALUES (183, 'admin', '127.0.0.1', '内网IP', 'Chrome 11', 'Mac OS X', '0', '退出成功', '2023-08-17 23:13:20');
INSERT INTO `sys_logininfor` VALUES (184, 'takj', '127.0.0.1', '内网IP', 'Chrome 11', 'Mac OS X', '0', '登录成功', '2023-08-17 23:13:29');
INSERT INTO `sys_logininfor` VALUES (185, 'takj', '127.0.0.1', '内网IP', 'Chrome 11', 'Mac OS X', '0', '退出成功', '2023-08-17 23:14:30');
INSERT INTO `sys_logininfor` VALUES (186, 'admin', '127.0.0.1', '内网IP', 'Chrome 11', 'Mac OS X', '0', '登录成功', '2023-08-17 23:14:35');
INSERT INTO `sys_logininfor` VALUES (187, 'admin', '127.0.0.1', '内网IP', 'Chrome 11', 'Mac OS X', '0', '退出成功', '2023-08-17 23:15:30');
INSERT INTO `sys_logininfor` VALUES (188, 'takj', '127.0.0.1', '内网IP', 'Chrome 11', 'Mac OS X', '0', '登录成功', '2023-08-17 23:15:40');
INSERT INTO `sys_logininfor` VALUES (189, 'takj', '127.0.0.1', '内网IP', 'Chrome 11', 'Mac OS X', '0', '退出成功', '2023-08-17 23:15:55');
INSERT INTO `sys_logininfor` VALUES (190, 'admin', '127.0.0.1', '内网IP', 'Chrome 11', 'Mac OS X', '0', '登录成功', '2023-08-17 23:16:02');
INSERT INTO `sys_logininfor` VALUES (191, 'admin', '127.0.0.1', '内网IP', 'Chrome 11', 'Mac OS X', '0', '退出成功', '2023-08-17 23:23:21');
INSERT INTO `sys_logininfor` VALUES (192, 'takj', '127.0.0.1', '内网IP', 'Chrome 11', 'Mac OS X', '1', '用户不存在/密码错误', '2023-08-17 23:23:32');
INSERT INTO `sys_logininfor` VALUES (193, 'takj', '127.0.0.1', '内网IP', 'Chrome 11', 'Mac OS X', '1', '密码输入错误1次', '2023-08-17 23:23:32');
INSERT INTO `sys_logininfor` VALUES (194, 'takj', '127.0.0.1', '内网IP', 'Chrome 11', 'Mac OS X', '0', '登录成功', '2023-08-17 23:23:34');
INSERT INTO `sys_logininfor` VALUES (195, 'takj', '127.0.0.1', '内网IP', 'Chrome 11', 'Mac OS X', '0', '退出成功', '2023-08-17 23:27:43');
INSERT INTO `sys_logininfor` VALUES (196, 'takjss', '127.0.0.1', '内网IP', 'Chrome 11', 'Mac OS X', '0', '登录成功', '2023-08-17 23:27:53');
INSERT INTO `sys_logininfor` VALUES (197, 'admin', '127.0.0.1', '内网IP', 'Chrome 11', 'Mac OS X', '0', '登录成功', '2023-08-18 00:08:30');
INSERT INTO `sys_logininfor` VALUES (198, 'admin', '127.0.0.1', '内网IP', 'Chrome 11', 'Mac OS X', '1', '密码输入错误1次', '2023-08-18 11:40:16');
INSERT INTO `sys_logininfor` VALUES (199, 'admin', '127.0.0.1', '内网IP', 'Chrome 11', 'Mac OS X', '1', '用户不存在/密码错误', '2023-08-18 11:40:16');
INSERT INTO `sys_logininfor` VALUES (200, 'admin', '127.0.0.1', '内网IP', 'Chrome 11', 'Mac OS X', '0', '登录成功', '2023-08-18 11:40:20');
INSERT INTO `sys_logininfor` VALUES (201, 'admin', '127.0.0.1', '内网IP', 'Chrome 11', 'Mac OS X', '1', '密码输入错误1次', '2023-08-18 17:32:21');
INSERT INTO `sys_logininfor` VALUES (202, 'admin', '127.0.0.1', '内网IP', 'Chrome 11', 'Mac OS X', '1', '用户不存在/密码错误', '2023-08-18 17:32:21');
INSERT INTO `sys_logininfor` VALUES (203, 'admin', '127.0.0.1', '内网IP', 'Chrome 11', 'Mac OS X', '0', '登录成功', '2023-08-18 17:32:26');
INSERT INTO `sys_logininfor` VALUES (204, 'admin', '127.0.0.1', '内网IP', 'Chrome 11', 'Mac OS X', '0', '登录成功', '2023-08-18 22:19:43');
INSERT INTO `sys_logininfor` VALUES (205, 'admin', '127.0.0.1', '内网IP', 'Chrome 11', 'Mac OS X', '0', '退出成功', '2023-08-18 23:36:22');
INSERT INTO `sys_logininfor` VALUES (206, 'admin', '127.0.0.1', '内网IP', 'Chrome 11', 'Mac OS X', '1', '密码输入错误1次', '2023-08-19 00:18:38');
INSERT INTO `sys_logininfor` VALUES (207, 'admin', '127.0.0.1', '内网IP', 'Chrome 11', 'Mac OS X', '1', '用户不存在/密码错误', '2023-08-19 00:18:38');
INSERT INTO `sys_logininfor` VALUES (208, 'admin', '127.0.0.1', '内网IP', 'Chrome 11', 'Mac OS X', '0', '登录成功', '2023-08-19 00:18:44');
INSERT INTO `sys_logininfor` VALUES (209, 'admin', '127.0.0.1', '内网IP', 'Chrome 11', 'Mac OS X', '0', '登录成功', '2023-08-19 00:18:55');
INSERT INTO `sys_logininfor` VALUES (210, 'admin', '127.0.0.1', '内网IP', 'Chrome 11', 'Mac OS X', '1', '密码输入错误1次', '2023-08-19 00:19:58');
INSERT INTO `sys_logininfor` VALUES (211, 'admin', '127.0.0.1', '内网IP', 'Chrome 11', 'Mac OS X', '1', '用户不存在/密码错误', '2023-08-19 00:19:58');
INSERT INTO `sys_logininfor` VALUES (212, 'admin', '127.0.0.1', '内网IP', 'Chrome 11', 'Mac OS X', '0', '登录成功', '2023-08-19 00:20:06');
INSERT INTO `sys_logininfor` VALUES (213, 'admin', '127.0.0.1', '内网IP', 'Chrome 11', 'Mac OS X', '1', '密码输入错误1次', '2023-08-19 00:21:13');
INSERT INTO `sys_logininfor` VALUES (214, 'admin', '127.0.0.1', '内网IP', 'Chrome 11', 'Mac OS X', '1', '用户不存在/密码错误', '2023-08-19 00:21:13');
INSERT INTO `sys_logininfor` VALUES (215, 'admin', '127.0.0.1', '内网IP', 'Chrome 11', 'Mac OS X', '0', '登录成功', '2023-08-19 00:21:22');
INSERT INTO `sys_logininfor` VALUES (216, 'admin', '127.0.0.1', '内网IP', 'Chrome 11', 'Mac OS X', '1', '密码输入错误1次', '2023-08-19 20:10:32');
INSERT INTO `sys_logininfor` VALUES (217, 'admin', '127.0.0.1', '内网IP', 'Chrome 11', 'Mac OS X', '1', '用户不存在/密码错误', '2023-08-19 20:10:32');
INSERT INTO `sys_logininfor` VALUES (218, 'admin', '127.0.0.1', '内网IP', 'Chrome 11', 'Mac OS X', '1', '密码输入错误2次', '2023-08-19 20:10:35');
INSERT INTO `sys_logininfor` VALUES (219, 'admin', '127.0.0.1', '内网IP', 'Chrome 11', 'Mac OS X', '1', '用户不存在/密码错误', '2023-08-19 20:10:35');
INSERT INTO `sys_logininfor` VALUES (220, 'admin', '127.0.0.1', '内网IP', 'Chrome 11', 'Mac OS X', '0', '登录成功', '2023-08-19 20:10:38');
INSERT INTO `sys_logininfor` VALUES (221, 'admin', '127.0.0.1', '内网IP', 'Chrome 11', 'Mac OS X', '0', '退出成功', '2023-08-19 22:17:49');
INSERT INTO `sys_logininfor` VALUES (222, 'admin', '127.0.0.1', '内网IP', 'Chrome 11', 'Mac OS X', '0', '登录成功', '2023-08-19 22:17:57');
INSERT INTO `sys_logininfor` VALUES (223, 'admin', '127.0.0.1', '内网IP', 'Chrome 11', 'Mac OS X', '1', '密码输入错误1次', '2023-08-20 10:30:16');
INSERT INTO `sys_logininfor` VALUES (224, 'admin', '127.0.0.1', '内网IP', 'Chrome 11', 'Mac OS X', '1', '用户不存在/密码错误', '2023-08-20 10:30:16');
INSERT INTO `sys_logininfor` VALUES (225, 'admin', '127.0.0.1', '内网IP', 'Chrome 11', 'Mac OS X', '0', '登录成功', '2023-08-20 10:30:21');
INSERT INTO `sys_logininfor` VALUES (226, 'admin', '127.0.0.1', '内网IP', 'Chrome 11', 'Mac OS X', '0', '登录成功', '2023-08-20 21:08:54');
INSERT INTO `sys_logininfor` VALUES (227, 'admin', '127.0.0.1', '内网IP', 'Chrome 11', 'Mac OS X', '0', '退出成功', '2023-08-20 23:51:43');
INSERT INTO `sys_logininfor` VALUES (228, 'admin', '127.0.0.1', '内网IP', 'Chrome 11', 'Mac OS X', '0', '登录成功', '2023-08-20 23:51:46');
INSERT INTO `sys_logininfor` VALUES (229, 'admin', '127.0.0.1', '内网IP', 'Chrome 11', 'Mac OS X', '0', '退出成功', '2023-08-20 23:51:50');
INSERT INTO `sys_logininfor` VALUES (230, 'admin', '127.0.0.1', '内网IP', 'Chrome 11', 'Mac OS X', '0', '登录成功', '2023-08-20 23:51:52');
INSERT INTO `sys_logininfor` VALUES (231, 'admin', '127.0.0.1', '内网IP', 'Chrome 11', 'Mac OS X', '0', '退出成功', '2023-08-20 23:52:56');
INSERT INTO `sys_logininfor` VALUES (232, 'admin', '127.0.0.1', '内网IP', 'Chrome 11', 'Mac OS X', '1', '密码输入错误1次', '2023-08-20 23:53:02');
INSERT INTO `sys_logininfor` VALUES (233, 'admin', '127.0.0.1', '内网IP', 'Chrome 11', 'Mac OS X', '1', '用户不存在/密码错误', '2023-08-20 23:53:02');
INSERT INTO `sys_logininfor` VALUES (234, 'admin', '127.0.0.1', '内网IP', 'Chrome 11', 'Mac OS X', '0', '登录成功', '2023-08-20 23:53:06');
INSERT INTO `sys_logininfor` VALUES (235, 'admin', '127.0.0.1', '内网IP', 'Chrome 11', 'Mac OS X', '0', '退出成功', '2023-08-20 23:53:13');
INSERT INTO `sys_logininfor` VALUES (236, 'admin', '127.0.0.1', '内网IP', 'Chrome 11', 'Mac OS X', '1', '用户不存在/密码错误', '2023-08-20 23:53:17');
INSERT INTO `sys_logininfor` VALUES (237, 'admin', '127.0.0.1', '内网IP', 'Chrome 11', 'Mac OS X', '1', '密码输入错误1次', '2023-08-20 23:53:17');
INSERT INTO `sys_logininfor` VALUES (238, 'admin', '127.0.0.1', '内网IP', 'Chrome 11', 'Mac OS X', '0', '登录成功', '2023-08-20 23:53:21');
INSERT INTO `sys_logininfor` VALUES (239, 'admin', '127.0.0.1', '内网IP', 'Chrome 11', 'Mac OS X', '0', '退出成功', '2023-08-20 23:53:24');
INSERT INTO `sys_logininfor` VALUES (240, 'admin', '127.0.0.1', '内网IP', 'Chrome 11', 'Mac OS X', '0', '登录成功', '2023-08-20 23:57:08');
INSERT INTO `sys_logininfor` VALUES (241, 'admin', '127.0.0.1', '内网IP', 'Chrome 11', 'Mac OS X', '0', '退出成功', '2023-08-20 23:57:15');
INSERT INTO `sys_logininfor` VALUES (242, 'admin', '127.0.0.1', '内网IP', 'Chrome 11', 'Mac OS X', '0', '登录成功', '2023-08-20 23:59:29');
INSERT INTO `sys_logininfor` VALUES (243, 'admin', '127.0.0.1', '内网IP', 'Chrome 11', 'Mac OS X', '0', '退出成功', '2023-08-20 23:59:59');
INSERT INTO `sys_logininfor` VALUES (244, 'admin', '127.0.0.1', '内网IP', 'Chrome 11', 'Mac OS X', '0', '登录成功', '2023-08-21 00:00:05');
INSERT INTO `sys_logininfor` VALUES (245, 'admin', '127.0.0.1', '内网IP', 'Chrome 11', 'Mac OS X', '0', '退出成功', '2023-08-21 00:00:59');
INSERT INTO `sys_logininfor` VALUES (246, 'admin', '127.0.0.1', '内网IP', 'Chrome 11', 'Mac OS X', '0', '登录成功', '2023-08-21 00:01:04');
INSERT INTO `sys_logininfor` VALUES (247, 'admin', '127.0.0.1', '内网IP', 'Chrome 11', 'Mac OS X', '0', '退出成功', '2023-08-21 00:01:09');
INSERT INTO `sys_logininfor` VALUES (248, 'admin', '127.0.0.1', '内网IP', 'Chrome 11', 'Mac OS X', '0', '登录成功', '2023-08-21 00:01:14');
INSERT INTO `sys_logininfor` VALUES (249, 'admin', '127.0.0.1', '内网IP', 'Chrome 11', 'Mac OS X', '0', '退出成功', '2023-08-21 00:09:05');
INSERT INTO `sys_logininfor` VALUES (250, 'admin', '127.0.0.1', '内网IP', 'Chrome 11', 'Mac OS X', '0', '登录成功', '2023-08-21 00:09:14');
INSERT INTO `sys_logininfor` VALUES (251, 'admin', '127.0.0.1', '内网IP', 'Chrome 11', 'Mac OS X', '0', '退出成功', '2023-08-21 00:09:21');
INSERT INTO `sys_logininfor` VALUES (252, 'admin', '127.0.0.1', '内网IP', 'Chrome 11', 'Mac OS X', '1', '密码输入错误1次', '2023-08-21 00:09:35');
INSERT INTO `sys_logininfor` VALUES (253, 'admin', '127.0.0.1', '内网IP', 'Chrome 11', 'Mac OS X', '1', '用户不存在/密码错误', '2023-08-21 00:09:35');
INSERT INTO `sys_logininfor` VALUES (254, 'tongai', '127.0.0.1', '内网IP', 'Chrome 11', 'Mac OS X', '1', '用户不存在/密码错误', '2023-08-21 00:09:39');
INSERT INTO `sys_logininfor` VALUES (255, 'takjss', '127.0.0.1', '内网IP', 'Chrome 11', 'Mac OS X', '0', '登录成功', '2023-08-21 00:09:44');
INSERT INTO `sys_logininfor` VALUES (256, 'takjss', '127.0.0.1', '内网IP', 'Chrome 11', 'Mac OS X', '0', '退出成功', '2023-08-21 00:10:03');
INSERT INTO `sys_logininfor` VALUES (257, 'admin', '127.0.0.1', '内网IP', 'Chrome 11', 'Mac OS X', '0', '登录成功', '2023-08-21 00:10:38');
INSERT INTO `sys_logininfor` VALUES (258, 'admin', '127.0.0.1', '内网IP', 'Chrome 11', 'Mac OS X', '0', '退出成功', '2023-08-21 00:20:43');
INSERT INTO `sys_logininfor` VALUES (259, 'admin', '127.0.0.1', '内网IP', 'Chrome 11', 'Mac OS X', '1', '用户不存在/密码错误', '2023-08-21 00:20:47');
INSERT INTO `sys_logininfor` VALUES (260, 'admin', '127.0.0.1', '内网IP', 'Chrome 11', 'Mac OS X', '1', '密码输入错误1次', '2023-08-21 00:20:47');
INSERT INTO `sys_logininfor` VALUES (261, 'admin', '127.0.0.1', '内网IP', 'Chrome 11', 'Mac OS X', '0', '登录成功', '2023-08-21 00:20:50');
INSERT INTO `sys_logininfor` VALUES (262, 'admin', '127.0.0.1', '内网IP', 'Chrome 11', 'Mac OS X', '0', '退出成功', '2023-08-21 00:21:57');
INSERT INTO `sys_logininfor` VALUES (263, 'admin', '127.0.0.1', '内网IP', 'Chrome 11', 'Mac OS X', '0', '登录成功', '2023-08-21 00:22:06');
INSERT INTO `sys_logininfor` VALUES (264, 'admin', '127.0.0.1', '内网IP', 'Chrome 11', 'Mac OS X', '0', '登录成功', '2023-08-22 16:18:08');
INSERT INTO `sys_logininfor` VALUES (265, 'admin', '127.0.0.1', '内网IP', 'Chrome 11', 'Mac OS X', '1', '用户不存在/密码错误', '2023-08-23 18:30:27');
INSERT INTO `sys_logininfor` VALUES (266, 'admin', '127.0.0.1', '内网IP', 'Chrome 11', 'Mac OS X', '1', '密码输入错误1次', '2023-08-23 18:30:27');
INSERT INTO `sys_logininfor` VALUES (267, 'admin', '127.0.0.1', '内网IP', 'Chrome 11', 'Mac OS X', '0', '登录成功', '2023-08-23 18:30:31');
INSERT INTO `sys_logininfor` VALUES (268, 'admin', '127.0.0.1', '内网IP', 'Chrome 11', 'Mac OS X', '0', '登录成功', '2023-08-23 21:38:51');
INSERT INTO `sys_logininfor` VALUES (269, 'admin', '127.0.0.1', '内网IP', 'Chrome 11', 'Mac OS X', '0', '登录成功', '2023-08-24 10:10:08');
INSERT INTO `sys_logininfor` VALUES (270, 'admin', '127.0.0.1', '内网IP', 'Chrome 11', 'Mac OS X', '0', '登录成功', '2023-08-24 14:10:19');
INSERT INTO `sys_logininfor` VALUES (271, 'admin', '127.0.0.1', '内网IP', 'Chrome 11', 'Mac OS X', '0', '退出成功', '2023-08-24 17:35:42');
INSERT INTO `sys_logininfor` VALUES (272, 'tongai', '127.0.0.1', '内网IP', 'Chrome 11', 'Mac OS X', '1', '用户不存在/密码错误', '2023-08-24 17:35:47');
INSERT INTO `sys_logininfor` VALUES (273, 'tongai', '127.0.0.1', '内网IP', 'Chrome 11', 'Mac OS X', '1', '用户不存在/密码错误', '2023-08-24 17:35:58');
INSERT INTO `sys_logininfor` VALUES (274, 'tongai', '127.0.0.1', '内网IP', 'Chrome 11', 'Mac OS X', '1', '用户不存在/密码错误', '2023-08-24 17:36:02');
INSERT INTO `sys_logininfor` VALUES (275, 'tongai', '127.0.0.1', '内网IP', 'Chrome 11', 'Mac OS X', '1', '用户不存在/密码错误', '2023-08-24 17:36:07');
INSERT INTO `sys_logininfor` VALUES (276, 'takj', '127.0.0.1', '内网IP', 'Chrome 11', 'Mac OS X', '0', '登录成功', '2023-08-24 17:36:13');
INSERT INTO `sys_logininfor` VALUES (277, 'takj', '127.0.0.1', '内网IP', 'Chrome 11', 'Mac OS X', '0', '退出成功', '2023-08-24 17:36:43');
INSERT INTO `sys_logininfor` VALUES (278, 'takjss', '127.0.0.1', '内网IP', 'Chrome 11', 'Mac OS X', '0', '登录成功', '2023-08-24 17:36:49');
INSERT INTO `sys_logininfor` VALUES (279, 'takjss', '127.0.0.1', '内网IP', 'Chrome 11', 'Mac OS X', '0', '退出成功', '2023-08-24 17:55:02');
INSERT INTO `sys_logininfor` VALUES (280, 'admin', '127.0.0.1', '内网IP', 'Chrome 11', 'Mac OS X', '0', '登录成功', '2023-08-24 17:55:09');
INSERT INTO `sys_logininfor` VALUES (281, 'admin', '127.0.0.1', '内网IP', 'Chrome 11', 'Mac OS X', '0', '登录成功', '2023-08-24 22:44:58');
INSERT INTO `sys_logininfor` VALUES (282, 'admin', '127.0.0.1', '内网IP', 'Chrome 11', 'Mac OS X', '0', '登录成功', '2023-08-26 03:14:55');
INSERT INTO `sys_logininfor` VALUES (283, 'admin', '127.0.0.1', '内网IP', 'Chrome 11', 'Mac OS X', '0', '登录成功', '2023-08-26 14:50:43');
INSERT INTO `sys_logininfor` VALUES (284, 'admin', '127.0.0.1', '内网IP', 'Chrome 11', 'Mac OS X', '1', '密码输入错误1次', '2023-08-26 19:31:07');
INSERT INTO `sys_logininfor` VALUES (285, 'admin', '127.0.0.1', '内网IP', 'Chrome 11', 'Mac OS X', '1', '用户不存在/密码错误', '2023-08-26 19:31:07');
INSERT INTO `sys_logininfor` VALUES (286, 'admin', '127.0.0.1', '内网IP', 'Chrome 11', 'Mac OS X', '0', '登录成功', '2023-08-26 19:31:12');
INSERT INTO `sys_logininfor` VALUES (287, 'admin', '127.0.0.1', '内网IP', 'Chrome 11', 'Mac OS X', '1', '用户不存在/密码错误', '2023-08-27 00:12:10');
INSERT INTO `sys_logininfor` VALUES (288, 'admin', '127.0.0.1', '内网IP', 'Chrome 11', 'Mac OS X', '1', '密码输入错误1次', '2023-08-27 00:12:10');
INSERT INTO `sys_logininfor` VALUES (289, 'admin', '127.0.0.1', '内网IP', 'Chrome 11', 'Mac OS X', '0', '登录成功', '2023-08-27 00:12:15');
INSERT INTO `sys_logininfor` VALUES (290, 'admin', '127.0.0.1', '内网IP', 'Chrome 11', 'Mac OS X', '0', '登录成功', '2023-08-27 13:27:26');
INSERT INTO `sys_logininfor` VALUES (291, 'admin', '127.0.0.1', '内网IP', 'Chrome 11', 'Mac OS X', '0', '退出成功', '2023-08-27 15:30:58');
INSERT INTO `sys_logininfor` VALUES (292, 'takjss', '127.0.0.1', '内网IP', 'Chrome 11', 'Mac OS X', '0', '登录成功', '2023-08-27 15:31:05');
INSERT INTO `sys_logininfor` VALUES (293, 'takjss', '127.0.0.1', '内网IP', 'Chrome 11', 'Mac OS X', '0', '退出成功', '2023-08-27 15:34:59');
INSERT INTO `sys_logininfor` VALUES (294, 'admin', '127.0.0.1', '内网IP', 'Chrome 11', 'Mac OS X', '0', '登录成功', '2023-08-27 15:35:04');
INSERT INTO `sys_logininfor` VALUES (295, 'admin', '127.0.0.1', '内网IP', 'Chrome 11', 'Mac OS X', '0', '登录成功', '2023-08-28 00:21:20');
INSERT INTO `sys_logininfor` VALUES (296, 'admin', '127.0.0.1', '内网IP', 'Chrome 11', 'Mac OS X', '0', '登录成功', '2023-08-28 11:33:20');
INSERT INTO `sys_logininfor` VALUES (297, 'admin', '127.0.0.1', '内网IP', 'Chrome 11', 'Mac OS X', '1', '用户不存在/密码错误', '2023-08-28 22:49:12');
INSERT INTO `sys_logininfor` VALUES (298, 'admin', '127.0.0.1', '内网IP', 'Chrome 11', 'Mac OS X', '1', '密码输入错误1次', '2023-08-28 22:49:12');
INSERT INTO `sys_logininfor` VALUES (299, 'admin', '127.0.0.1', '内网IP', 'Chrome 11', 'Mac OS X', '0', '登录成功', '2023-08-28 22:49:14');
INSERT INTO `sys_logininfor` VALUES (300, 'admin', '127.0.0.1', '内网IP', 'Chrome 11', 'Mac OS X', '0', '登录成功', '2023-08-31 21:45:21');
INSERT INTO `sys_logininfor` VALUES (301, 'admin', '127.0.0.1', '内网IP', 'Chrome 11', 'Mac OS X', '0', '登录成功', '2023-09-01 00:01:19');
INSERT INTO `sys_logininfor` VALUES (302, 'admin', '127.0.0.1', '内网IP', 'Chrome 11', 'Mac OS X', '0', '退出成功', '2023-09-01 00:01:28');
INSERT INTO `sys_logininfor` VALUES (303, 'admin', '127.0.0.1', '内网IP', 'Chrome 11', 'Mac OS X', '0', '登录成功', '2023-09-02 00:19:12');
INSERT INTO `sys_logininfor` VALUES (304, 'admin', '127.0.0.1', '内网IP', 'Chrome 11', 'Mac OS X', '0', '退出成功', '2023-09-02 01:23:10');
INSERT INTO `sys_logininfor` VALUES (305, 'admin', '127.0.0.1', '内网IP', 'Chrome 11', 'Mac OS X', '0', '登录成功', '2023-09-02 01:25:36');
INSERT INTO `sys_logininfor` VALUES (306, 'admin', '127.0.0.1', '内网IP', 'Chrome 11', 'Mac OS X', '0', '登录成功', '2023-09-02 18:02:54');
INSERT INTO `sys_logininfor` VALUES (307, 'admin', '127.0.0.1', '内网IP', 'Chrome 11', 'Mac OS X', '0', '登录成功', '2023-09-03 17:27:18');
INSERT INTO `sys_logininfor` VALUES (308, 'admin', '127.0.0.1', '内网IP', 'Chrome 11', 'Mac OS X', '0', '登录成功', '2023-09-04 11:43:40');
INSERT INTO `sys_logininfor` VALUES (309, 'admin', '127.0.0.1', '内网IP', 'Chrome 11', 'Mac OS X', '0', '登录成功', '2023-09-05 01:01:15');
INSERT INTO `sys_logininfor` VALUES (310, 'admin', '127.0.0.1', '内网IP', 'Chrome 11', 'Mac OS X', '0', '登录成功', '2023-09-05 09:34:23');
INSERT INTO `sys_logininfor` VALUES (311, 'admin', '127.0.0.1', '内网IP', 'Chrome 11', 'Mac OS X', '0', '退出成功', '2023-09-05 09:39:36');
INSERT INTO `sys_logininfor` VALUES (312, 'takjss', '127.0.0.1', '内网IP', 'Chrome 11', 'Mac OS X', '0', '登录成功', '2023-09-05 09:39:42');
INSERT INTO `sys_logininfor` VALUES (313, 'takjss', '127.0.0.1', '内网IP', 'Chrome 11', 'Mac OS X', '0', '退出成功', '2023-09-05 09:40:27');
INSERT INTO `sys_logininfor` VALUES (314, 'admin', '127.0.0.1', '内网IP', 'Chrome 11', 'Mac OS X', '0', '登录成功', '2023-09-05 09:40:40');
INSERT INTO `sys_logininfor` VALUES (315, 'admin', '127.0.0.1', '内网IP', 'Chrome 11', 'Mac OS X', '0', '退出成功', '2023-09-05 09:47:51');
INSERT INTO `sys_logininfor` VALUES (316, 'takjss', '127.0.0.1', '内网IP', 'Chrome 11', 'Mac OS X', '0', '登录成功', '2023-09-05 09:47:57');
INSERT INTO `sys_logininfor` VALUES (317, 'takjss', '127.0.0.1', '内网IP', 'Chrome 11', 'Mac OS X', '0', '退出成功', '2023-09-05 10:00:25');
INSERT INTO `sys_logininfor` VALUES (318, 'admin', '127.0.0.1', '内网IP', 'Chrome 11', 'Mac OS X', '0', '登录成功', '2023-09-05 10:00:34');
INSERT INTO `sys_logininfor` VALUES (319, 'admin', '127.0.0.1', '内网IP', 'Chrome 11', 'Mac OS X', '0', '登录成功', '2023-09-05 13:30:25');
INSERT INTO `sys_logininfor` VALUES (320, 'admin', '127.0.0.1', '内网IP', 'Chrome 11', 'Mac OS X', '0', '退出成功', '2023-09-05 17:19:29');
INSERT INTO `sys_logininfor` VALUES (321, 'takjss', '127.0.0.1', '内网IP', 'Chrome 11', 'Mac OS X', '0', '登录成功', '2023-09-05 17:19:38');
INSERT INTO `sys_logininfor` VALUES (322, 'takjss', '127.0.0.1', '内网IP', 'Chrome 11', 'Mac OS X', '0', '退出成功', '2023-09-05 17:20:30');
INSERT INTO `sys_logininfor` VALUES (323, 'takj', '127.0.0.1', '内网IP', 'Chrome 11', 'Mac OS X', '0', '登录成功', '2023-09-05 17:20:43');
INSERT INTO `sys_logininfor` VALUES (324, 'takj', '127.0.0.1', '内网IP', 'Chrome 11', 'Mac OS X', '0', '退出成功', '2023-09-05 17:22:05');
INSERT INTO `sys_logininfor` VALUES (325, 'takjss', '127.0.0.1', '内网IP', 'Chrome 11', 'Mac OS X', '0', '登录成功', '2023-09-05 17:22:12');
INSERT INTO `sys_logininfor` VALUES (326, 'takjss', '127.0.0.1', '内网IP', 'Chrome 11', 'Mac OS X', '0', '退出成功', '2023-09-05 17:28:26');
INSERT INTO `sys_logininfor` VALUES (327, 'takj', '127.0.0.1', '内网IP', 'Chrome 11', 'Mac OS X', '0', '登录成功', '2023-09-05 17:28:33');
INSERT INTO `sys_logininfor` VALUES (328, 'takj', '127.0.0.1', '内网IP', 'Chrome 11', 'Mac OS X', '0', '退出成功', '2023-09-05 17:29:46');
INSERT INTO `sys_logininfor` VALUES (329, 'takjss', '127.0.0.1', '内网IP', 'Chrome 11', 'Mac OS X', '0', '登录成功', '2023-09-05 17:29:53');
INSERT INTO `sys_logininfor` VALUES (330, 'takjss', '127.0.0.1', '内网IP', 'Chrome 11', 'Mac OS X', '0', '退出成功', '2023-09-05 17:31:43');
INSERT INTO `sys_logininfor` VALUES (331, 'admin', '127.0.0.1', '内网IP', 'Chrome 11', 'Mac OS X', '0', '登录成功', '2023-09-05 17:32:01');
INSERT INTO `sys_logininfor` VALUES (332, 'admin', '127.0.0.1', '内网IP', 'Chrome 11', 'Mac OS X', '0', '退出成功', '2023-09-05 17:46:21');
INSERT INTO `sys_logininfor` VALUES (333, 'admin', '127.0.0.1', '内网IP', 'Chrome 11', 'Mac OS X', '0', '登录成功', '2023-09-05 17:47:05');
INSERT INTO `sys_logininfor` VALUES (334, 'admin', '127.0.0.1', '内网IP', 'Chrome 11', 'Mac OS X', '0', '登录成功', '2023-09-05 19:41:37');
INSERT INTO `sys_logininfor` VALUES (335, 'admin', '127.0.0.1', '内网IP', 'Chrome 11', 'Mac OS X', '0', '退出成功', '2023-09-05 23:21:25');
INSERT INTO `sys_logininfor` VALUES (336, 'admin', '127.0.0.1', '内网IP', 'Chrome 11', 'Mac OS X', '0', '登录成功', '2023-09-05 23:21:31');
INSERT INTO `sys_logininfor` VALUES (337, 'admin', '127.0.0.1', '内网IP', 'Chrome 11', 'Mac OS X', '0', '退出成功', '2023-09-05 23:38:39');
INSERT INTO `sys_logininfor` VALUES (338, 'takjss', '127.0.0.1', '内网IP', 'Chrome 11', 'Mac OS X', '0', '登录成功', '2023-09-05 23:38:43');
INSERT INTO `sys_logininfor` VALUES (339, 'takjss', '127.0.0.1', '内网IP', 'Chrome 11', 'Mac OS X', '0', '退出成功', '2023-09-05 23:38:53');
INSERT INTO `sys_logininfor` VALUES (340, 'admin', '127.0.0.1', '内网IP', 'Chrome 11', 'Mac OS X', '1', '密码输入错误1次', '2023-09-05 23:38:57');
INSERT INTO `sys_logininfor` VALUES (341, 'admin', '127.0.0.1', '内网IP', 'Chrome 11', 'Mac OS X', '1', '用户不存在/密码错误', '2023-09-05 23:38:57');
INSERT INTO `sys_logininfor` VALUES (342, 'admin', '127.0.0.1', '内网IP', 'Chrome 11', 'Mac OS X', '0', '登录成功', '2023-09-05 23:39:00');
INSERT INTO `sys_logininfor` VALUES (343, 'admin', '127.0.0.1', '内网IP', 'Chrome 11', 'Mac OS X', '0', '退出成功', '2023-09-05 23:43:59');
INSERT INTO `sys_logininfor` VALUES (344, 'takj', '127.0.0.1', '内网IP', 'Chrome 11', 'Mac OS X', '0', '登录成功', '2023-09-05 23:44:03');
INSERT INTO `sys_logininfor` VALUES (345, 'takj', '127.0.0.1', '内网IP', 'Chrome 11', 'Mac OS X', '0', '退出成功', '2023-09-05 23:46:19');
INSERT INTO `sys_logininfor` VALUES (346, 'admin', '127.0.0.1', '内网IP', 'Chrome 11', 'Mac OS X', '0', '登录成功', '2023-09-05 23:46:27');
INSERT INTO `sys_logininfor` VALUES (347, 'admin', '127.0.0.1', '内网IP', 'Chrome 11', 'Mac OS X', '0', '退出成功', '2023-09-05 23:48:28');
INSERT INTO `sys_logininfor` VALUES (348, 'takj', '127.0.0.1', '内网IP', 'Chrome 11', 'Mac OS X', '0', '登录成功', '2023-09-05 23:48:34');
INSERT INTO `sys_logininfor` VALUES (349, 'takj', '127.0.0.1', '内网IP', 'Chrome 11', 'Mac OS X', '0', '退出成功', '2023-09-05 23:50:17');
INSERT INTO `sys_logininfor` VALUES (350, 'admin', '127.0.0.1', '内网IP', 'Chrome 11', 'Mac OS X', '0', '登录成功', '2023-09-05 23:50:25');
INSERT INTO `sys_logininfor` VALUES (351, 'admin', '127.0.0.1', '内网IP', 'Chrome 11', 'Mac OS X', '0', '退出成功', '2023-09-05 23:54:22');
INSERT INTO `sys_logininfor` VALUES (352, 'takj', '127.0.0.1', '内网IP', 'Chrome 11', 'Mac OS X', '0', '登录成功', '2023-09-05 23:54:26');
INSERT INTO `sys_logininfor` VALUES (353, 'takj', '127.0.0.1', '内网IP', 'Chrome 11', 'Mac OS X', '0', '退出成功', '2023-09-06 00:58:49');
INSERT INTO `sys_logininfor` VALUES (354, 'admin', '127.0.0.1', '内网IP', 'Chrome 11', 'Mac OS X', '0', '登录成功', '2023-09-06 00:58:52');
INSERT INTO `sys_logininfor` VALUES (355, 'admin', '127.0.0.1', '内网IP', 'Chrome 11', 'Mac OS X', '0', '退出成功', '2023-09-06 00:59:07');
INSERT INTO `sys_logininfor` VALUES (356, 'admin', '127.0.0.1', '内网IP', 'Chrome 11', 'Mac OS X', '0', '登录成功', '2023-09-06 00:59:09');
INSERT INTO `sys_logininfor` VALUES (357, 'admin', '127.0.0.1', '内网IP', 'Chrome 11', 'Mac OS X', '0', '退出成功', '2023-09-06 00:59:21');
INSERT INTO `sys_logininfor` VALUES (358, 'admin', '127.0.0.1', '内网IP', 'Chrome 11', 'Mac OS X', '0', '登录成功', '2023-09-06 00:59:23');
INSERT INTO `sys_logininfor` VALUES (359, 'admin', '127.0.0.1', '内网IP', 'Chrome 11', 'Mac OS X', '0', '退出成功', '2023-09-06 00:59:51');
INSERT INTO `sys_logininfor` VALUES (360, 'admin', '127.0.0.1', '内网IP', 'Chrome 11', 'Mac OS X', '0', '登录成功', '2023-09-06 00:59:53');
INSERT INTO `sys_logininfor` VALUES (361, 'admin', '127.0.0.1', '内网IP', 'Chrome 11', 'Mac OS X', '0', '登录成功', '2023-09-06 09:25:51');
INSERT INTO `sys_logininfor` VALUES (362, 'admin', '127.0.0.1', '内网IP', 'Chrome 11', 'Mac OS X', '0', '登录成功', '2023-09-06 14:29:04');
INSERT INTO `sys_logininfor` VALUES (363, 'admin', '127.0.0.1', '内网IP', 'Chrome 11', 'Mac OS X', '0', '登录成功', '2023-09-06 21:15:49');
INSERT INTO `sys_logininfor` VALUES (364, 'admin', '127.0.0.1', '内网IP', 'Chrome 11', 'Mac OS X', '0', '退出成功', '2023-09-07 00:10:10');
INSERT INTO `sys_logininfor` VALUES (365, 'takjss', '127.0.0.1', '内网IP', 'Chrome 11', 'Mac OS X', '0', '登录成功', '2023-09-07 00:10:15');
INSERT INTO `sys_logininfor` VALUES (366, 'takjss', '127.0.0.1', '内网IP', 'Chrome 11', 'Mac OS X', '0', '退出成功', '2023-09-07 00:11:22');
INSERT INTO `sys_logininfor` VALUES (367, 'takj', '127.0.0.1', '内网IP', 'Chrome 11', 'Mac OS X', '0', '登录成功', '2023-09-07 00:11:33');
INSERT INTO `sys_logininfor` VALUES (368, 'takj', '127.0.0.1', '内网IP', 'Chrome 11', 'Mac OS X', '0', '退出成功', '2023-09-07 00:14:34');
INSERT INTO `sys_logininfor` VALUES (369, 'takj', '127.0.0.1', '内网IP', 'Chrome 11', 'Mac OS X', '0', '登录成功', '2023-09-07 00:14:41');
INSERT INTO `sys_logininfor` VALUES (370, 'takj', '127.0.0.1', '内网IP', 'Chrome 11', 'Mac OS X', '0', '退出成功', '2023-09-07 00:17:07');
INSERT INTO `sys_logininfor` VALUES (371, 'admin', '127.0.0.1', '内网IP', 'Chrome 11', 'Mac OS X', '0', '登录成功', '2023-09-07 00:17:12');
INSERT INTO `sys_logininfor` VALUES (372, 'admin', '127.0.0.1', '内网IP', 'Chrome 11', 'Mac OS X', '0', '登录成功', '2023-09-07 11:29:53');
INSERT INTO `sys_logininfor` VALUES (373, 'admin', '127.0.0.1', '内网IP', 'Chrome 11', 'Mac OS X', '0', '退出成功', '2023-09-07 12:28:48');
INSERT INTO `sys_logininfor` VALUES (374, 'admin', '127.0.0.1', '内网IP', 'Chrome 11', 'Mac OS X', '0', '登录成功', '2023-09-07 12:28:52');
INSERT INTO `sys_logininfor` VALUES (375, 'admin', '127.0.0.1', '内网IP', 'Chrome 11', 'Mac OS X', '0', '登录成功', '2023-09-07 18:25:23');
INSERT INTO `sys_logininfor` VALUES (376, 'admin', '127.0.0.1', '内网IP', 'Chrome 11', 'Mac OS X', '0', '退出成功', '2023-09-07 22:42:44');
INSERT INTO `sys_logininfor` VALUES (377, 'takjss', '127.0.0.1', '内网IP', 'Chrome 11', 'Mac OS X', '0', '登录成功', '2023-09-07 22:42:53');
INSERT INTO `sys_logininfor` VALUES (378, 'takjss', '127.0.0.1', '内网IP', 'Chrome 11', 'Mac OS X', '0', '退出成功', '2023-09-07 22:43:10');
INSERT INTO `sys_logininfor` VALUES (379, 'takj', '127.0.0.1', '内网IP', 'Chrome 11', 'Mac OS X', '0', '登录成功', '2023-09-07 22:43:16');
INSERT INTO `sys_logininfor` VALUES (380, 'takj', '127.0.0.1', '内网IP', 'Chrome 11', 'Mac OS X', '0', '退出成功', '2023-09-07 22:48:43');
INSERT INTO `sys_logininfor` VALUES (381, 'takj', '127.0.0.1', '内网IP', 'Chrome 11', 'Mac OS X', '0', '登录成功', '2023-09-07 22:49:04');
INSERT INTO `sys_logininfor` VALUES (382, 'takj', '127.0.0.1', '内网IP', 'Chrome 11', 'Mac OS X', '0', '退出成功', '2023-09-07 23:04:46');
INSERT INTO `sys_logininfor` VALUES (383, 'takj', '127.0.0.1', '内网IP', 'Chrome 11', 'Mac OS X', '0', '登录成功', '2023-09-07 23:05:26');
INSERT INTO `sys_logininfor` VALUES (384, 'takj', '127.0.0.1', '内网IP', 'Chrome 11', 'Mac OS X', '0', '退出成功', '2023-09-07 23:07:55');
INSERT INTO `sys_logininfor` VALUES (385, 'admin', '127.0.0.1', '内网IP', 'Chrome 11', 'Mac OS X', '0', '登录成功', '2023-09-07 23:09:00');
INSERT INTO `sys_logininfor` VALUES (386, 'admin', '127.0.0.1', '内网IP', 'Chrome 11', 'Mac OS X', '0', '退出成功', '2023-09-07 23:09:05');
INSERT INTO `sys_logininfor` VALUES (387, 'takj', '127.0.0.1', '内网IP', 'Chrome 11', 'Mac OS X', '0', '登录成功', '2023-09-07 23:09:11');
INSERT INTO `sys_logininfor` VALUES (388, 'takj', '127.0.0.1', '内网IP', 'Chrome 11', 'Mac OS X', '0', '退出成功', '2023-09-07 23:10:41');
INSERT INTO `sys_logininfor` VALUES (389, 'admin', '127.0.0.1', '内网IP', 'Chrome 11', 'Mac OS X', '0', '登录成功', '2023-09-07 23:10:47');
INSERT INTO `sys_logininfor` VALUES (390, 'admin', '127.0.0.1', '内网IP', 'Chrome 11', 'Mac OS X', '0', '退出成功', '2023-09-07 23:14:20');
INSERT INTO `sys_logininfor` VALUES (391, 'admin', '127.0.0.1', '内网IP', 'Chrome 11', 'Mac OS X', '0', '登录成功', '2023-09-07 23:14:24');
INSERT INTO `sys_logininfor` VALUES (392, 'admin', '127.0.0.1', '内网IP', 'Chrome 11', 'Mac OS X', '0', '退出成功', '2023-09-08 00:54:04');
INSERT INTO `sys_logininfor` VALUES (393, 'takj', '127.0.0.1', '内网IP', 'Chrome 11', 'Mac OS X', '0', '登录成功', '2023-09-08 00:54:10');
INSERT INTO `sys_logininfor` VALUES (394, 'takj', '127.0.0.1', '内网IP', 'Chrome 11', 'Mac OS X', '0', '退出成功', '2023-09-08 01:04:51');
INSERT INTO `sys_logininfor` VALUES (395, 'tongai', '127.0.0.1', '内网IP', 'Chrome 11', 'Mac OS X', '1', '用户不存在/密码错误', '2023-09-08 01:04:59');
INSERT INTO `sys_logininfor` VALUES (396, 'takjss', '127.0.0.1', '内网IP', 'Chrome 11', 'Mac OS X', '0', '登录成功', '2023-09-08 01:05:05');
INSERT INTO `sys_logininfor` VALUES (397, 'takjss', '127.0.0.1', '内网IP', 'Chrome 11', 'Mac OS X', '0', '退出成功', '2023-09-08 01:05:14');
INSERT INTO `sys_logininfor` VALUES (398, 'admin', '127.0.0.1', '内网IP', 'Chrome 11', 'Mac OS X', '0', '登录成功', '2023-09-08 01:05:28');
INSERT INTO `sys_logininfor` VALUES (399, 'admin', '127.0.0.1', '内网IP', 'Chrome 11', 'Mac OS X', '0', '退出成功', '2023-09-08 01:07:10');
INSERT INTO `sys_logininfor` VALUES (400, 'takjyf', '127.0.0.1', '内网IP', 'Chrome 11', 'Mac OS X', '0', '登录成功', '2023-09-08 01:07:18');
INSERT INTO `sys_logininfor` VALUES (401, 'admin', '127.0.0.1', '内网IP', 'Chrome 11', 'Mac OS X', '0', '登录成功', '2023-09-09 01:23:30');
INSERT INTO `sys_logininfor` VALUES (402, 'admin', '127.0.0.1', '内网IP', 'Chrome 11', 'Mac OS X', '0', '退出成功', '2023-09-09 01:51:51');
INSERT INTO `sys_logininfor` VALUES (403, 'admin', '127.0.0.1', '内网IP', 'Chrome 11', 'Mac OS X', '0', '登录成功', '2023-09-09 01:52:48');
INSERT INTO `sys_logininfor` VALUES (404, 'admin', '127.0.0.1', '内网IP', 'Chrome 11', 'Mac OS X', '0', '退出成功', '2023-09-09 02:00:59');
INSERT INTO `sys_logininfor` VALUES (405, 'admin', '127.0.0.1', '内网IP', 'Chrome 11', 'Mac OS X', '0', '登录成功', '2023-09-09 02:01:30');
INSERT INTO `sys_logininfor` VALUES (406, 'admin', '127.0.0.1', '内网IP', 'Chrome 11', 'Mac OS X', '0', '退出成功', '2023-09-09 02:08:41');
INSERT INTO `sys_logininfor` VALUES (407, 'admin', '127.0.0.1', '内网IP', 'Chrome 11', 'Mac OS X', '0', '登录成功', '2023-09-09 02:09:07');
INSERT INTO `sys_logininfor` VALUES (408, 'admin', '127.0.0.1', '内网IP', 'Chrome 11', 'Mac OS X', '0', '登录成功', '2023-09-09 16:16:05');
INSERT INTO `sys_logininfor` VALUES (409, 'admin', '127.0.0.1', '内网IP', 'Chrome 11', 'Mac OS X', '0', '退出成功', '2023-09-09 16:26:09');
INSERT INTO `sys_logininfor` VALUES (410, 'takjyf', '127.0.0.1', '内网IP', 'Chrome 11', 'Mac OS X', '0', '登录成功', '2023-09-09 16:26:14');
INSERT INTO `sys_logininfor` VALUES (411, 'admin', '127.0.0.1', '内网IP', 'Chrome 11', 'Mac OS X', '0', '登录成功', '2023-09-09 21:39:13');
INSERT INTO `sys_logininfor` VALUES (412, 'admin', '127.0.0.1', '内网IP', 'Chrome 11', 'Mac OS X', '0', '退出成功', '2023-09-09 21:39:18');
INSERT INTO `sys_logininfor` VALUES (413, 'admin', '127.0.0.1', '内网IP', 'Chrome 11', 'Mac OS X', '0', '登录成功', '2023-09-09 21:42:02');
INSERT INTO `sys_logininfor` VALUES (414, 'admin', '127.0.0.1', '内网IP', 'Chrome 11', 'Mac OS X', '0', '退出成功', '2023-09-09 21:42:42');
INSERT INTO `sys_logininfor` VALUES (415, 'admin', '127.0.0.1', '内网IP', 'Chrome 11', 'Mac OS X', '0', '登录成功', '2023-09-09 21:50:40');
INSERT INTO `sys_logininfor` VALUES (416, 'admin', '127.0.0.1', '内网IP', 'Chrome 11', 'Mac OS X', '0', '退出成功', '2023-09-09 21:51:17');
INSERT INTO `sys_logininfor` VALUES (417, 'admin', '127.0.0.1', '内网IP', 'Chrome 11', 'Mac OS X', '0', '登录成功', '2023-09-09 21:55:59');
INSERT INTO `sys_logininfor` VALUES (418, 'admin', '192.168.3.39', '内网IP', 'Chrome Mobile', 'Android 1.x', '0', '登录成功', '2023-09-09 21:57:52');
INSERT INTO `sys_logininfor` VALUES (419, 'admin', '127.0.0.1', '内网IP', 'Chrome 11', 'Mac OS X', '0', '登录成功', '2023-09-09 22:04:47');
INSERT INTO `sys_logininfor` VALUES (420, 'admin', '127.0.0.1', '内网IP', 'Chrome 11', 'Mac OS X', '1', '* 必须填写', '2023-09-15 00:37:45');
INSERT INTO `sys_logininfor` VALUES (421, 'admin', '127.0.0.1', '内网IP', 'Chrome 11', 'Mac OS X', '1', '* 必须填写', '2023-09-15 00:37:54');
INSERT INTO `sys_logininfor` VALUES (422, 'admin', '127.0.0.1', '内网IP', 'Chrome 11', 'Mac OS X', '1', '* 必须填写', '2023-09-15 00:38:28');
INSERT INTO `sys_logininfor` VALUES (423, 'admin', '127.0.0.1', '内网IP', 'Chrome 11', 'Mac OS X', '0', '登录成功', '2023-09-15 00:40:59');
INSERT INTO `sys_logininfor` VALUES (424, 'admin', '127.0.0.1', '内网IP', 'Chrome 11', 'Mac OS X', '0', '登录成功', '2023-09-15 10:29:07');
INSERT INTO `sys_logininfor` VALUES (425, 'admin', '127.0.0.1', '内网IP', 'Chrome 11', 'Mac OS X', '0', '登录成功', '2023-09-15 17:42:16');
INSERT INTO `sys_logininfor` VALUES (426, '975928', '127.0.0.1', '内网IP', 'Unknown', 'Unknown', '1', '* 必须填写', '2023-09-16 11:02:54');
INSERT INTO `sys_logininfor` VALUES (427, '975928', '127.0.0.1', '内网IP', 'Unknown', 'Unknown', '1', '* 必须填写', '2023-09-16 11:03:43');
INSERT INTO `sys_logininfor` VALUES (428, '975928', '127.0.0.1', '内网IP', 'Unknown', 'Unknown', '1', '手机号格式错误', '2023-09-16 11:08:04');
INSERT INTO `sys_logininfor` VALUES (429, '975928', '127.0.0.1', '内网IP', 'Unknown', 'Unknown', '1', '手机号格式错误', '2023-09-16 11:10:52');
INSERT INTO `sys_logininfor` VALUES (430, '975928', '127.0.0.1', '内网IP', 'Unknown', 'Unknown', '1', '手机号格式错误', '2023-09-16 11:11:26');
INSERT INTO `sys_logininfor` VALUES (431, '18856436537', '127.0.0.1', '内网IP', 'Unknown', 'Unknown', '1', '验证码输入错误1次', '2023-09-16 11:13:42');
INSERT INTO `sys_logininfor` VALUES (432, '18856436537', '127.0.0.1', '内网IP', 'Unknown', 'Unknown', '1', '验证码输入错误1次', '2023-09-16 11:25:30');
INSERT INTO `sys_logininfor` VALUES (433, '18856436537', '127.0.0.1', '内网IP', 'Unknown', 'Unknown', '1', '验证码输入错误2次', '2023-09-16 11:28:54');
INSERT INTO `sys_logininfor` VALUES (434, '18856436537', '127.0.0.1', '内网IP', 'Unknown', 'Unknown', '1', '验证码输入错误3次', '2023-09-16 11:30:18');
INSERT INTO `sys_logininfor` VALUES (435, '18856436537', '127.0.0.1', '内网IP', 'Unknown', 'Unknown', '1', '验证码输入错误1次', '2023-09-16 12:43:33');
INSERT INTO `sys_logininfor` VALUES (436, '18856436537', '127.0.0.1', '内网IP', 'Unknown', 'Unknown', '1', '验证码输入错误2次', '2023-09-16 12:43:41');
INSERT INTO `sys_logininfor` VALUES (437, '18856436537', '127.0.0.1', '内网IP', 'Unknown', 'Unknown', '1', '验证码输入错误3次', '2023-09-16 12:43:44');
INSERT INTO `sys_logininfor` VALUES (438, '18856436537', '127.0.0.1', '内网IP', 'Unknown', 'Unknown', '1', '验证码输入错误4次', '2023-09-16 12:45:43');
INSERT INTO `sys_logininfor` VALUES (439, '18856436537', '127.0.0.1', '内网IP', 'Unknown', 'Unknown', '1', '验证码输入错误5次', '2023-09-16 12:46:47');
INSERT INTO `sys_logininfor` VALUES (440, '18856436537', '127.0.0.1', '内网IP', 'Unknown', 'Unknown', '1', '验证码输入错误1次', '2023-09-16 13:02:07');
INSERT INTO `sys_logininfor` VALUES (441, NULL, '127.0.0.1', '内网IP', 'Unknown', 'Unknown', '0', '登录成功', '2023-09-16 13:02:37');
INSERT INTO `sys_logininfor` VALUES (442, 'admin', '127.0.0.1', '内网IP', 'Chrome 11', 'Mac OS X', '0', '登录成功', '2023-09-16 14:06:36');
INSERT INTO `sys_logininfor` VALUES (443, 'admin', '127.0.0.1', '内网IP', 'Chrome 11', 'Mac OS X', '0', '退出成功', '2023-09-16 14:06:53');
INSERT INTO `sys_logininfor` VALUES (444, NULL, '127.0.0.1', '内网IP', 'Chrome 11', 'Mac OS X', '1', '* 必须填写', '2023-09-16 15:02:47');
INSERT INTO `sys_logininfor` VALUES (445, NULL, '127.0.0.1', '内网IP', 'Chrome 11', 'Mac OS X', '1', '* 必须填写', '2023-09-16 15:03:00');
INSERT INTO `sys_logininfor` VALUES (446, NULL, '127.0.0.1', '内网IP', 'Chrome 11', 'Mac OS X', '1', '* 必须填写', '2023-09-16 15:05:20');
INSERT INTO `sys_logininfor` VALUES (447, '', '127.0.0.1', '内网IP', 'Chrome 11', 'Mac OS X', '0', '登录成功', '2023-09-16 15:06:24');
INSERT INTO `sys_logininfor` VALUES (448, 'admin', '127.0.0.1', '内网IP', 'Chrome 11', 'Mac OS X', '1', '密码输入错误1次', '2023-10-12 22:21:12');
INSERT INTO `sys_logininfor` VALUES (449, 'admin', '127.0.0.1', '内网IP', 'Chrome 11', 'Mac OS X', '1', '用户不存在/密码错误', '2023-10-12 22:21:12');
INSERT INTO `sys_logininfor` VALUES (450, 'admin', '127.0.0.1', '内网IP', 'Chrome 11', 'Mac OS X', '1', '密码输入错误2次', '2023-10-12 22:21:19');
INSERT INTO `sys_logininfor` VALUES (451, 'admin', '127.0.0.1', '内网IP', 'Chrome 11', 'Mac OS X', '1', '用户不存在/密码错误', '2023-10-12 22:21:19');
INSERT INTO `sys_logininfor` VALUES (452, 'admin', '127.0.0.1', '内网IP', 'Chrome 11', 'Mac OS X', '1', '密码输入错误3次', '2023-10-12 22:21:22');
INSERT INTO `sys_logininfor` VALUES (453, 'admin', '127.0.0.1', '内网IP', 'Chrome 11', 'Mac OS X', '1', '用户不存在/密码错误', '2023-10-12 22:21:22');
INSERT INTO `sys_logininfor` VALUES (454, 'admin', '127.0.0.1', '内网IP', 'Chrome 11', 'Mac OS X', '1', '用户不存在/密码错误', '2023-10-12 22:21:32');
INSERT INTO `sys_logininfor` VALUES (455, 'admin', '127.0.0.1', '内网IP', 'Chrome 11', 'Mac OS X', '1', '密码输入错误4次', '2023-10-12 22:21:32');
INSERT INTO `sys_logininfor` VALUES (456, 'admin', '127.0.0.1', '内网IP', 'Chrome 11', 'Mac OS X', '1', '用户不存在/密码错误', '2023-10-12 22:21:38');
INSERT INTO `sys_logininfor` VALUES (457, 'admin', '127.0.0.1', '内网IP', 'Chrome 11', 'Mac OS X', '1', '密码输入错误5次', '2023-10-12 22:21:38');
INSERT INTO `sys_logininfor` VALUES (458, 'admin', '127.0.0.1', '内网IP', 'Chrome 11', 'Mac OS X', '1', '密码输入错误5次，帐户锁定10分钟', '2023-10-12 22:21:49');
INSERT INTO `sys_logininfor` VALUES (459, 'admin', '127.0.0.1', '内网IP', 'Chrome 11', 'Mac OS X', '1', '密码输入错误5次，帐户锁定10分钟', '2023-10-12 22:21:49');
INSERT INTO `sys_logininfor` VALUES (460, 'takj', '127.0.0.1', '内网IP', 'Chrome 11', 'Mac OS X', '0', '登录成功', '2023-10-12 22:22:00');
INSERT INTO `sys_logininfor` VALUES (461, 'takj', '127.0.0.1', '内网IP', 'Chrome 11', 'Mac OS X', '0', '退出成功', '2023-10-12 22:23:53');
INSERT INTO `sys_logininfor` VALUES (462, 'admin', '127.0.0.1', '内网IP', 'Chrome 11', 'Mac OS X', '1', '用户不存在/密码错误', '2023-10-12 22:24:33');
INSERT INTO `sys_logininfor` VALUES (463, 'admin', '127.0.0.1', '内网IP', 'Chrome 11', 'Mac OS X', '1', '密码输入错误1次', '2023-10-12 22:24:33');
INSERT INTO `sys_logininfor` VALUES (464, 'admin', '127.0.0.1', '内网IP', 'Chrome 11', 'Mac OS X', '1', '用户不存在/密码错误', '2023-10-12 22:29:31');
INSERT INTO `sys_logininfor` VALUES (465, 'admin', '127.0.0.1', '内网IP', 'Chrome 11', 'Mac OS X', '1', '密码输入错误2次', '2023-10-12 22:29:31');
INSERT INTO `sys_logininfor` VALUES (466, 'admin', '127.0.0.1', '内网IP', 'Chrome 11', 'Mac OS X', '1', '密码输入错误3次', '2023-10-12 22:35:09');
INSERT INTO `sys_logininfor` VALUES (467, 'admin', '127.0.0.1', '内网IP', 'Chrome 11', 'Mac OS X', '1', '用户不存在/密码错误', '2023-10-12 22:35:09');
INSERT INTO `sys_logininfor` VALUES (468, 'admin', '127.0.0.1', '内网IP', 'Chrome 11', 'Mac OS X', '1', '密码输入错误4次', '2023-10-12 22:37:15');
INSERT INTO `sys_logininfor` VALUES (469, 'admin', '127.0.0.1', '内网IP', 'Chrome 11', 'Mac OS X', '1', '用户不存在/密码错误', '2023-10-12 22:37:15');
INSERT INTO `sys_logininfor` VALUES (470, 'admin', '127.0.0.1', '内网IP', 'Chrome 11', 'Mac OS X', '0', '登录成功', '2023-10-12 22:38:06');
INSERT INTO `sys_logininfor` VALUES (471, 'admin', '127.0.0.1', '内网IP', 'Chrome 11', 'Mac OS X', '0', '登录成功', '2023-10-12 22:38:39');
INSERT INTO `sys_logininfor` VALUES (472, 'admin', '127.0.0.1', '内网IP', 'Chrome 11', 'Mac OS X', '0', '退出成功', '2023-10-12 22:49:51');
INSERT INTO `sys_logininfor` VALUES (473, 'admin', '127.0.0.1', '内网IP', 'Chrome 11', 'Mac OS X', '0', '登录成功', '2023-10-12 22:59:47');
INSERT INTO `sys_logininfor` VALUES (474, 'admin', '127.0.0.1', '内网IP', 'Chrome 11', 'Mac OS X', '0', '退出成功', '2023-10-12 23:00:18');
INSERT INTO `sys_logininfor` VALUES (475, 'admin', '127.0.0.1', '内网IP', 'Chrome 11', 'Mac OS X', '0', '登录成功', '2023-10-12 23:00:33');
INSERT INTO `sys_logininfor` VALUES (476, 'admin', '127.0.0.1', '内网IP', 'Chrome 11', 'Mac OS X', '1', '验证码错误', '2023-10-20 22:03:29');
INSERT INTO `sys_logininfor` VALUES (477, 'admin', '127.0.0.1', '内网IP', 'Chrome 11', 'Mac OS X', '0', '登录成功', '2023-10-20 22:03:33');
INSERT INTO `sys_logininfor` VALUES (478, 'admin', '117.64.124.242', '安徽省 合肥市', 'Chrome 11', 'Mac OS X', '0', '登录成功', '2023-10-21 12:51:07');
INSERT INTO `sys_logininfor` VALUES (479, '', '117.64.124.242', '安徽省 合肥市', 'Chrome 11', 'Mac OS X', '0', '登录成功', '2023-10-21 18:28:58');
INSERT INTO `sys_logininfor` VALUES (480, 'admin', '117.64.124.242', '安徽省 合肥市', 'Chrome 11', 'Mac OS X', '0', '退出成功', '2023-10-21 21:43:00');
INSERT INTO `sys_logininfor` VALUES (481, 'admin', '117.64.124.242', '安徽省 合肥市', 'Chrome 11', 'Mac OS X', '0', '登录成功', '2023-10-21 21:43:10');
INSERT INTO `sys_logininfor` VALUES (482, 'admin', '117.64.124.242', '安徽省 合肥市', 'Chrome 11', 'Mac OS X', '0', '登录成功', '2023-10-25 08:21:02');
INSERT INTO `sys_logininfor` VALUES (483, 'admin', '117.64.124.140', '安徽省 合肥市', 'Chrome 11', 'Mac OS X', '1', '验证码已失效', '2023-10-28 12:47:18');
INSERT INTO `sys_logininfor` VALUES (484, 'admin', '117.64.124.140', '安徽省 合肥市', 'Chrome 11', 'Mac OS X', '0', '登录成功', '2023-10-28 12:47:21');

-- ----------------------------
-- Table structure for sys_menu
-- ----------------------------
DROP TABLE IF EXISTS `sys_menu`;
CREATE TABLE `sys_menu`  (
  `menu_id` bigint(20) NOT NULL AUTO_INCREMENT COMMENT '菜单ID',
  `menu_name` varchar(50) CHARACTER SET utf8mb4 COLLATE utf8mb4_general_ci NOT NULL COMMENT '菜单名称',
  `parent_id` bigint(20) NULL DEFAULT 0 COMMENT '父菜单ID',
  `order_num` int(11) NULL DEFAULT 0 COMMENT '显示顺序',
  `path` varchar(200) CHARACTER SET utf8mb4 COLLATE utf8mb4_general_ci NULL DEFAULT '' COMMENT '路由地址',
  `component` varchar(255) CHARACTER SET utf8mb4 COLLATE utf8mb4_general_ci NULL DEFAULT NULL COMMENT '组件路径',
  `query` varchar(255) CHARACTER SET utf8mb4 COLLATE utf8mb4_general_ci NULL DEFAULT NULL COMMENT '路由参数',
  `is_frame` int(11) NULL DEFAULT 1 COMMENT '是否为外链（0是 1否）',
  `is_cache` int(11) NULL DEFAULT 0 COMMENT '是否缓存（0缓存 1不缓存）',
  `menu_type` char(1) CHARACTER SET utf8mb4 COLLATE utf8mb4_general_ci NULL DEFAULT '' COMMENT '菜单类型（M目录 C菜单 F按钮）',
  `visible` char(1) CHARACTER SET utf8mb4 COLLATE utf8mb4_general_ci NULL DEFAULT '0' COMMENT '菜单状态（0显示 1隐藏）',
  `status` char(1) CHARACTER SET utf8mb4 COLLATE utf8mb4_general_ci NULL DEFAULT '0' COMMENT '菜单状态（0正常 1停用）',
  `perms` varchar(100) CHARACTER SET utf8mb4 COLLATE utf8mb4_general_ci NULL DEFAULT NULL COMMENT '权限标识',
  `icon` varchar(100) CHARACTER SET utf8mb4 COLLATE utf8mb4_general_ci NULL DEFAULT '#' COMMENT '菜单图标',
  `create_by` varchar(64) CHARACTER SET utf8mb4 COLLATE utf8mb4_general_ci NULL DEFAULT '' COMMENT '创建者',
  `create_time` datetime NULL DEFAULT NULL COMMENT '创建时间',
  `update_by` varchar(64) CHARACTER SET utf8mb4 COLLATE utf8mb4_general_ci NULL DEFAULT '' COMMENT '更新者',
  `update_time` datetime NULL DEFAULT NULL COMMENT '更新时间',
  `remark` varchar(500) CHARACTER SET utf8mb4 COLLATE utf8mb4_general_ci NULL DEFAULT '' COMMENT '备注',
  PRIMARY KEY (`menu_id`) USING BTREE
) ENGINE = InnoDB AUTO_INCREMENT = 2022 CHARACTER SET = utf8mb4 COLLATE = utf8mb4_general_ci COMMENT = '菜单权限表' ROW_FORMAT = Dynamic;

-- ----------------------------
-- Records of sys_menu
-- ----------------------------
INSERT INTO `sys_menu` VALUES (1, '系统管理', 0, 1, 'system', NULL, '', 1, 0, 'M', '0', '0', '', 'system', 'admin', '2023-08-14 14:46:27', '', NULL, '系统管理目录');
INSERT INTO `sys_menu` VALUES (2, '系统监控', 0, 2, 'monitor', NULL, '', 1, 0, 'M', '0', '0', '', 'monitor', 'admin', '2023-08-14 14:46:27', '', NULL, '系统监控目录');
INSERT INTO `sys_menu` VALUES (3, '系统工具', 0, 3, 'tool', NULL, '', 1, 0, 'M', '0', '0', '', 'tool', 'admin', '2023-08-14 14:46:27', '', NULL, '系统工具目录');
INSERT INTO `sys_menu` VALUES (4, '同乂林C博客', 0, 4, 'https://blog.cztaj.cn', NULL, '', 0, 0, 'M', '0', '1', '', 'guide', 'admin', '2023-08-14 14:46:27', 'admin', '2023-10-12 23:08:25', '同乂官网地址');
INSERT INTO `sys_menu` VALUES (100, '用户管理', 1, 1, 'user', 'system/user/index', '', 1, 0, 'C', '0', '0', 'system:user:list', 'user', 'admin', '2023-08-14 14:46:27', '', NULL, '用户管理菜单');
INSERT INTO `sys_menu` VALUES (101, '角色管理', 1, 2, 'role', 'system/role/index', '', 1, 0, 'C', '0', '0', 'system:role:list', 'peoples', 'admin', '2023-08-14 14:46:27', '', NULL, '角色管理菜单');
INSERT INTO `sys_menu` VALUES (102, '菜单管理', 1, 3, 'menu', 'system/menu/index', '', 1, 0, 'C', '0', '0', 'system:menu:list', 'tree-table', 'admin', '2023-08-14 14:46:27', '', NULL, '菜单管理菜单');
INSERT INTO `sys_menu` VALUES (103, '部门管理', 1, 4, 'dept', 'system/dept/index', '', 1, 0, 'C', '0', '0', 'system:dept:list', 'tree', 'admin', '2023-08-14 14:46:27', '', NULL, '部门管理菜单');
INSERT INTO `sys_menu` VALUES (104, '岗位管理', 1, 5, 'post', 'system/post/index', '', 1, 0, 'C', '0', '0', 'system:post:list', 'post', 'admin', '2023-08-14 14:46:27', '', NULL, '岗位管理菜单');
INSERT INTO `sys_menu` VALUES (105, '字典管理', 1, 6, 'dict', 'system/dict/index', '', 1, 0, 'C', '0', '0', 'system:dict:list', 'dict', 'admin', '2023-08-14 14:46:27', '', NULL, '字典管理菜单');
INSERT INTO `sys_menu` VALUES (106, '参数设置', 1, 7, 'config', 'system/config/index', '', 1, 0, 'C', '0', '0', 'system:config:list', 'edit', 'admin', '2023-08-14 14:46:27', '', NULL, '参数设置菜单');
INSERT INTO `sys_menu` VALUES (107, '通知公告', 1, 8, 'notice', 'system/notice/index', '', 1, 1, 'C', '0', '0', 'system:notice:list', 'message', 'admin', '2023-08-14 14:46:27', 'admin', '2023-08-28 22:58:10', '通知公告菜单');
INSERT INTO `sys_menu` VALUES (108, '日志管理', 1, 9, 'log', '', '', 1, 0, 'M', '0', '0', '', 'log', 'admin', '2023-08-14 14:46:27', '', NULL, '日志管理菜单');
INSERT INTO `sys_menu` VALUES (109, '在线用户', 2, 1, 'online', 'monitor/online/index', '', 1, 0, 'C', '0', '0', 'monitor:online:list', 'online', 'admin', '2023-08-14 14:46:27', '', NULL, '在线用户菜单');
INSERT INTO `sys_menu` VALUES (110, '定时任务', 2, 2, 'job', 'monitor/job/index', '', 1, 0, 'C', '0', '0', 'monitor:job:list', 'job', 'admin', '2023-08-14 14:46:27', '', NULL, '定时任务菜单');
INSERT INTO `sys_menu` VALUES (111, '数据监控', 2, 3, 'druid', 'monitor/druid/index', '', 1, 0, 'C', '0', '0', 'monitor:druid:list', 'druid', 'admin', '2023-08-14 14:46:27', '', NULL, '数据监控菜单');
INSERT INTO `sys_menu` VALUES (112, '服务监控', 2, 4, 'server', 'monitor/server/index', '', 1, 0, 'C', '0', '0', 'monitor:server:list', 'server', 'admin', '2023-08-14 14:46:27', '', NULL, '服务监控菜单');
INSERT INTO `sys_menu` VALUES (113, '缓存监控', 2, 5, 'cache', 'monitor/cache/index', '', 1, 0, 'C', '0', '0', 'monitor:cache:list', 'redis', 'admin', '2023-08-14 14:46:27', '', NULL, '缓存监控菜单');
INSERT INTO `sys_menu` VALUES (114, '缓存列表', 2, 6, 'cacheList', 'monitor/cache/list', '', 1, 0, 'C', '0', '0', 'monitor:cache:list', 'redis-list', 'admin', '2023-08-14 14:46:27', '', NULL, '缓存列表菜单');
INSERT INTO `sys_menu` VALUES (115, '表单构建', 3, 1, 'build', 'tool/build/index', '', 1, 0, 'C', '0', '0', 'tool:build:list', 'build', 'admin', '2023-08-14 14:46:27', '', NULL, '表单构建菜单');
INSERT INTO `sys_menu` VALUES (116, '代码生成', 3, 2, 'gen', 'tool/gen/index', '', 1, 0, 'C', '0', '0', 'tool:gen:list', 'code', 'admin', '2023-08-14 14:46:27', '', NULL, '代码生成菜单');
INSERT INTO `sys_menu` VALUES (117, '系统接口', 3, 3, 'swagger', 'tool/swagger/index', '', 1, 0, 'C', '0', '0', 'tool:swagger:list', 'swagger', 'admin', '2023-08-14 14:46:27', '', NULL, '系统接口菜单');
INSERT INTO `sys_menu` VALUES (500, '操作日志', 108, 1, 'operlog', 'monitor/operlog/index', '', 1, 1, 'C', '0', '0', 'monitor:operlog:list', 'form', 'admin', '2023-08-14 14:46:27', 'admin', '2023-08-24 03:26:29', '操作日志菜单');
INSERT INTO `sys_menu` VALUES (501, '登录日志', 108, 2, 'logininfor', 'monitor/logininfor/index', '', 1, 1, 'C', '0', '0', 'monitor:logininfor:list', 'logininfor', 'admin', '2023-08-14 14:46:27', 'admin', '2023-08-24 03:26:35', '登录日志菜单');
INSERT INTO `sys_menu` VALUES (1000, '用户查询', 100, 1, '', '', '', 1, 0, 'F', '0', '0', 'system:user:query', '#', 'admin', '2023-08-14 14:46:27', '', NULL, '');
INSERT INTO `sys_menu` VALUES (1001, '用户新增', 100, 2, '', '', '', 1, 0, 'F', '0', '0', 'system:user:add', '#', 'admin', '2023-08-14 14:46:27', '', NULL, '');
INSERT INTO `sys_menu` VALUES (1002, '用户修改', 100, 3, '', '', '', 1, 0, 'F', '0', '0', 'system:user:edit', '#', 'admin', '2023-08-14 14:46:27', '', NULL, '');
INSERT INTO `sys_menu` VALUES (1003, '用户删除', 100, 4, '', '', '', 1, 0, 'F', '0', '0', 'system:user:remove', '#', 'admin', '2023-08-14 14:46:27', '', NULL, '');
INSERT INTO `sys_menu` VALUES (1004, '用户导出', 100, 5, '', '', '', 1, 0, 'F', '0', '0', 'system:user:export', '#', 'admin', '2023-08-14 14:46:27', '', NULL, '');
INSERT INTO `sys_menu` VALUES (1005, '用户导入', 100, 6, '', '', '', 1, 0, 'F', '0', '0', 'system:user:import', '#', 'admin', '2023-08-14 14:46:27', '', NULL, '');
INSERT INTO `sys_menu` VALUES (1006, '重置密码', 100, 7, '', '', '', 1, 0, 'F', '0', '0', 'system:user:resetPwd', '#', 'admin', '2023-08-14 14:46:27', '', NULL, '');
INSERT INTO `sys_menu` VALUES (1007, '角色查询', 101, 1, '', '', '', 1, 0, 'F', '0', '0', 'system:role:query', '#', 'admin', '2023-08-14 14:46:27', '', NULL, '');
INSERT INTO `sys_menu` VALUES (1008, '角色新增', 101, 2, '', '', '', 1, 0, 'F', '0', '0', 'system:role:add', '#', 'admin', '2023-08-14 14:46:27', '', NULL, '');
INSERT INTO `sys_menu` VALUES (1009, '角色修改', 101, 3, '', '', '', 1, 0, 'F', '0', '0', 'system:role:edit', '#', 'admin', '2023-08-14 14:46:27', '', NULL, '');
INSERT INTO `sys_menu` VALUES (1010, '角色删除', 101, 4, '', '', '', 1, 0, 'F', '0', '0', 'system:role:remove', '#', 'admin', '2023-08-14 14:46:27', '', NULL, '');
INSERT INTO `sys_menu` VALUES (1011, '角色导出', 101, 5, '', '', '', 1, 0, 'F', '0', '0', 'system:role:export', '#', 'admin', '2023-08-14 14:46:27', '', NULL, '');
INSERT INTO `sys_menu` VALUES (1012, '菜单查询', 102, 1, '', '', '', 1, 0, 'F', '0', '0', 'system:menu:query', '#', 'admin', '2023-08-14 14:46:27', '', NULL, '');
INSERT INTO `sys_menu` VALUES (1013, '菜单新增', 102, 2, '', '', '', 1, 0, 'F', '0', '0', 'system:menu:add', '#', 'admin', '2023-08-14 14:46:27', '', NULL, '');
INSERT INTO `sys_menu` VALUES (1014, '菜单修改', 102, 3, '', '', '', 1, 0, 'F', '0', '0', 'system:menu:edit', '#', 'admin', '2023-08-14 14:46:27', '', NULL, '');
INSERT INTO `sys_menu` VALUES (1015, '菜单删除', 102, 4, '', '', '', 1, 0, 'F', '0', '0', 'system:menu:remove', '#', 'admin', '2023-08-14 14:46:27', '', NULL, '');
INSERT INTO `sys_menu` VALUES (1016, '部门查询', 103, 1, '', '', '', 1, 0, 'F', '0', '0', 'system:dept:query', '#', 'admin', '2023-08-14 14:46:27', '', NULL, '');
INSERT INTO `sys_menu` VALUES (1017, '部门新增', 103, 2, '', '', '', 1, 0, 'F', '0', '0', 'system:dept:add', '#', 'admin', '2023-08-14 14:46:27', '', NULL, '');
INSERT INTO `sys_menu` VALUES (1018, '部门修改', 103, 3, '', '', '', 1, 0, 'F', '0', '0', 'system:dept:edit', '#', 'admin', '2023-08-14 14:46:27', '', NULL, '');
INSERT INTO `sys_menu` VALUES (1019, '部门删除', 103, 4, '', '', '', 1, 0, 'F', '0', '0', 'system:dept:remove', '#', 'admin', '2023-08-14 14:46:27', '', NULL, '');
INSERT INTO `sys_menu` VALUES (1020, '岗位查询', 104, 1, '', '', '', 1, 0, 'F', '0', '0', 'system:post:query', '#', 'admin', '2023-08-14 14:46:27', '', NULL, '');
INSERT INTO `sys_menu` VALUES (1021, '岗位新增', 104, 2, '', '', '', 1, 0, 'F', '0', '0', 'system:post:add', '#', 'admin', '2023-08-14 14:46:27', '', NULL, '');
INSERT INTO `sys_menu` VALUES (1022, '岗位修改', 104, 3, '', '', '', 1, 0, 'F', '0', '0', 'system:post:edit', '#', 'admin', '2023-08-14 14:46:27', '', NULL, '');
INSERT INTO `sys_menu` VALUES (1023, '岗位删除', 104, 4, '', '', '', 1, 0, 'F', '0', '0', 'system:post:remove', '#', 'admin', '2023-08-14 14:46:27', '', NULL, '');
INSERT INTO `sys_menu` VALUES (1024, '岗位导出', 104, 5, '', '', '', 1, 0, 'F', '0', '0', 'system:post:export', '#', 'admin', '2023-08-14 14:46:27', '', NULL, '');
INSERT INTO `sys_menu` VALUES (1025, '字典查询', 105, 1, '#', '', '', 1, 0, 'F', '0', '0', 'system:dict:query', '#', 'admin', '2023-08-14 14:46:27', '', NULL, '');
INSERT INTO `sys_menu` VALUES (1026, '字典新增', 105, 2, '#', '', '', 1, 0, 'F', '0', '0', 'system:dict:add', '#', 'admin', '2023-08-14 14:46:27', '', NULL, '');
INSERT INTO `sys_menu` VALUES (1027, '字典修改', 105, 3, '#', '', '', 1, 0, 'F', '0', '0', 'system:dict:edit', '#', 'admin', '2023-08-14 14:46:27', '', NULL, '');
INSERT INTO `sys_menu` VALUES (1028, '字典删除', 105, 4, '#', '', '', 1, 0, 'F', '0', '0', 'system:dict:remove', '#', 'admin', '2023-08-14 14:46:27', '', NULL, '');
INSERT INTO `sys_menu` VALUES (1029, '字典导出', 105, 5, '#', '', '', 1, 0, 'F', '0', '0', 'system:dict:export', '#', 'admin', '2023-08-14 14:46:27', '', NULL, '');
INSERT INTO `sys_menu` VALUES (1030, '参数查询', 106, 1, '#', '', '', 1, 0, 'F', '0', '0', 'system:config:query', '#', 'admin', '2023-08-14 14:46:27', '', NULL, '');
INSERT INTO `sys_menu` VALUES (1031, '参数新增', 106, 2, '#', '', '', 1, 0, 'F', '0', '0', 'system:config:add', '#', 'admin', '2023-08-14 14:46:27', '', NULL, '');
INSERT INTO `sys_menu` VALUES (1032, '参数修改', 106, 3, '#', '', '', 1, 0, 'F', '0', '0', 'system:config:edit', '#', 'admin', '2023-08-14 14:46:27', '', NULL, '');
INSERT INTO `sys_menu` VALUES (1033, '参数删除', 106, 4, '#', '', '', 1, 0, 'F', '0', '0', 'system:config:remove', '#', 'admin', '2023-08-14 14:46:27', '', NULL, '');
INSERT INTO `sys_menu` VALUES (1034, '参数导出', 106, 5, '#', '', '', 1, 0, 'F', '0', '0', 'system:config:export', '#', 'admin', '2023-08-14 14:46:27', '', NULL, '');
INSERT INTO `sys_menu` VALUES (1035, '公告查询', 107, 1, '#', '', '', 1, 0, 'F', '0', '0', 'system:notice:query', '#', 'admin', '2023-08-14 14:46:27', '', NULL, '');
INSERT INTO `sys_menu` VALUES (1036, '公告新增', 107, 2, '#', '', '', 1, 0, 'F', '0', '0', 'system:notice:add', '#', 'admin', '2023-08-14 14:46:27', '', NULL, '');
INSERT INTO `sys_menu` VALUES (1037, '公告修改', 107, 3, '#', '', '', 1, 0, 'F', '0', '0', 'system:notice:edit', '#', 'admin', '2023-08-14 14:46:27', '', NULL, '');
INSERT INTO `sys_menu` VALUES (1038, '公告删除', 107, 4, '#', '', '', 1, 0, 'F', '0', '0', 'system:notice:remove', '#', 'admin', '2023-08-14 14:46:27', '', NULL, '');
INSERT INTO `sys_menu` VALUES (1039, '操作查询', 500, 1, '#', '', '', 1, 0, 'F', '0', '0', 'monitor:operlog:query', '#', 'admin', '2023-08-14 14:46:27', '', NULL, '');
INSERT INTO `sys_menu` VALUES (1040, '操作删除', 500, 2, '#', '', '', 1, 0, 'F', '0', '0', 'monitor:operlog:remove', '#', 'admin', '2023-08-14 14:46:27', '', NULL, '');
INSERT INTO `sys_menu` VALUES (1041, '日志导出', 500, 3, '#', '', '', 1, 0, 'F', '0', '0', 'monitor:operlog:export', '#', 'admin', '2023-08-14 14:46:27', '', NULL, '');
INSERT INTO `sys_menu` VALUES (1042, '登录查询', 501, 1, '#', '', '', 1, 0, 'F', '0', '0', 'monitor:logininfor:query', '#', 'admin', '2023-08-14 14:46:27', '', NULL, '');
INSERT INTO `sys_menu` VALUES (1043, '登录删除', 501, 2, '#', '', '', 1, 0, 'F', '0', '0', 'monitor:logininfor:remove', '#', 'admin', '2023-08-14 14:46:27', '', NULL, '');
INSERT INTO `sys_menu` VALUES (1044, '日志导出', 501, 3, '#', '', '', 1, 0, 'F', '0', '0', 'monitor:logininfor:export', '#', 'admin', '2023-08-14 14:46:27', '', NULL, '');
INSERT INTO `sys_menu` VALUES (1045, '账户解锁', 501, 4, '#', '', '', 1, 0, 'F', '0', '0', 'monitor:logininfor:unlock', '#', 'admin', '2023-08-14 14:46:27', '', NULL, '');
INSERT INTO `sys_menu` VALUES (1046, '在线查询', 109, 1, '#', '', '', 1, 0, 'F', '0', '0', 'monitor:online:query', '#', 'admin', '2023-08-14 14:46:27', '', NULL, '');
INSERT INTO `sys_menu` VALUES (1047, '批量强退', 109, 2, '#', '', '', 1, 0, 'F', '0', '0', 'monitor:online:batchLogout', '#', 'admin', '2023-08-14 14:46:27', '', NULL, '');
INSERT INTO `sys_menu` VALUES (1048, '单条强退', 109, 3, '#', '', '', 1, 0, 'F', '0', '0', 'monitor:online:forceLogout', '#', 'admin', '2023-08-14 14:46:27', '', NULL, '');
INSERT INTO `sys_menu` VALUES (1049, '任务查询', 110, 1, '#', '', '', 1, 0, 'F', '0', '0', 'monitor:job:query', '#', 'admin', '2023-08-14 14:46:27', '', NULL, '');
INSERT INTO `sys_menu` VALUES (1050, '任务新增', 110, 2, '#', '', '', 1, 0, 'F', '0', '0', 'monitor:job:add', '#', 'admin', '2023-08-14 14:46:27', '', NULL, '');
INSERT INTO `sys_menu` VALUES (1051, '任务修改', 110, 3, '#', '', '', 1, 0, 'F', '0', '0', 'monitor:job:edit', '#', 'admin', '2023-08-14 14:46:27', '', NULL, '');
INSERT INTO `sys_menu` VALUES (1052, '任务删除', 110, 4, '#', '', '', 1, 0, 'F', '0', '0', 'monitor:job:remove', '#', 'admin', '2023-08-14 14:46:27', '', NULL, '');
INSERT INTO `sys_menu` VALUES (1053, '状态修改', 110, 5, '#', '', '', 1, 0, 'F', '0', '0', 'monitor:job:changeStatus', '#', 'admin', '2023-08-14 14:46:27', '', NULL, '');
INSERT INTO `sys_menu` VALUES (1054, '任务导出', 110, 6, '#', '', '', 1, 0, 'F', '0', '0', 'monitor:job:export', '#', 'admin', '2023-08-14 14:46:27', '', NULL, '');
INSERT INTO `sys_menu` VALUES (1055, '生成查询', 116, 1, '#', '', '', 1, 0, 'F', '0', '0', 'tool:gen:query', '#', 'admin', '2023-08-14 14:46:27', '', NULL, '');
INSERT INTO `sys_menu` VALUES (1056, '生成修改', 116, 2, '#', '', '', 1, 0, 'F', '0', '0', 'tool:gen:edit', '#', 'admin', '2023-08-14 14:46:27', '', NULL, '');
INSERT INTO `sys_menu` VALUES (1057, '生成删除', 116, 3, '#', '', '', 1, 0, 'F', '0', '0', 'tool:gen:remove', '#', 'admin', '2023-08-14 14:46:27', '', NULL, '');
INSERT INTO `sys_menu` VALUES (1058, '导入代码', 116, 4, '#', '', '', 1, 0, 'F', '0', '0', 'tool:gen:import', '#', 'admin', '2023-08-14 14:46:27', '', NULL, '');
INSERT INTO `sys_menu` VALUES (1059, '预览代码', 116, 5, '#', '', '', 1, 0, 'F', '0', '0', 'tool:gen:preview', '#', 'admin', '2023-08-14 14:46:27', '', NULL, '');
INSERT INTO `sys_menu` VALUES (1060, '生成代码', 116, 6, '#', '', '', 1, 0, 'F', '0', '0', 'tool:gen:code', '#', 'admin', '2023-08-14 14:46:27', '', NULL, '');
INSERT INTO `sys_menu` VALUES (2000, '客户管理', 0, 1, 'cus', NULL, NULL, 1, 0, 'M', '1', '1', '', 'peoples', 'admin', '2023-08-14 18:32:54', 'admin', '2023-08-31 23:53:01', '');
INSERT INTO `sys_menu` VALUES (2001, '客户基础信息', 2000, 1, 'customers', 'takj/customers/index', NULL, 1, 1, 'C', '0', '0', 'takj:customers:list', 'logininfor', 'admin', '2023-08-24 16:57:00', 'admin', '2023-08-27 01:01:57', '客户基础信息菜单');
INSERT INTO `sys_menu` VALUES (2002, '客户基础信息查询', 2001, 1, '#', '', NULL, 1, 0, 'F', '0', '0', 'takj:customers:query', '#', 'admin', '2023-08-24 16:57:00', '', NULL, '');
INSERT INTO `sys_menu` VALUES (2003, '客户基础信息新增', 2001, 2, '#', '', NULL, 1, 0, 'F', '0', '0', 'takj:customers:add', '#', 'admin', '2023-08-24 16:57:00', '', NULL, '');
INSERT INTO `sys_menu` VALUES (2004, '客户基础信息修改', 2001, 3, '#', '', NULL, 1, 0, 'F', '0', '0', 'takj:customers:edit', '#', 'admin', '2023-08-24 16:57:00', '', NULL, '');
INSERT INTO `sys_menu` VALUES (2005, '客户基础信息删除', 2001, 4, '#', '', NULL, 1, 0, 'F', '0', '0', 'takj:customers:remove', '#', 'admin', '2023-08-24 16:57:00', '', NULL, '');
INSERT INTO `sys_menu` VALUES (2006, '客户基础信息导出', 2001, 5, '#', '', NULL, 1, 0, 'F', '0', '0', 'takj:customers:export', '#', 'admin', '2023-08-24 16:57:00', '', NULL, '');
INSERT INTO `sys_menu` VALUES (2007, '客户标签', 2000, 2, 'tags', 'takj/tags/index', NULL, 1, 1, 'C', '0', '0', 'takj:tags:list', 'tag', 'admin', '2023-08-24 17:01:15', 'admin', '2023-08-27 00:19:21', '客户标签菜单');
INSERT INTO `sys_menu` VALUES (2008, '客户标签查询', 2007, 1, '#', '', NULL, 1, 0, 'F', '0', '0', 'takj:tags:query', '#', 'admin', '2023-08-24 17:01:15', '', NULL, '');
INSERT INTO `sys_menu` VALUES (2009, '客户标签新增', 2007, 2, '#', '', NULL, 1, 0, 'F', '0', '0', 'takj:tags:add', '#', 'admin', '2023-08-24 17:01:15', '', NULL, '');
INSERT INTO `sys_menu` VALUES (2010, '客户标签修改', 2007, 3, '#', '', NULL, 1, 0, 'F', '0', '0', 'takj:tags:edit', '#', 'admin', '2023-08-24 17:01:15', '', NULL, '');
INSERT INTO `sys_menu` VALUES (2011, '客户标签删除', 2007, 4, '#', '', NULL, 1, 0, 'F', '0', '0', 'takj:tags:remove', '#', 'admin', '2023-08-24 17:01:15', '', NULL, '');
INSERT INTO `sys_menu` VALUES (2012, '客户标签导出', 2007, 5, '#', '', NULL, 1, 0, 'F', '0', '0', 'takj:tags:export', '#', 'admin', '2023-08-24 17:01:15', '', NULL, '');
INSERT INTO `sys_menu` VALUES (2013, '公告查看', 107, 5, '', NULL, NULL, 1, 0, 'F', '0', '0', 'system:notice:preview', '#', 'admin', '2023-08-26 19:34:25', '', NULL, '');
INSERT INTO `sys_menu` VALUES (2014, '消息中心', 1, 8, 'notice/read', 'system/notice/read', NULL, 1, 1, 'C', '1', '0', 'system:notice:list', 'message', 'admin', '2023-09-03 20:10:04', 'admin', '2023-09-05 23:21:14', '通知公告阅读记录菜单');
INSERT INTO `sys_menu` VALUES (2015, '通知公告查看', 2014, 1, '#', '', NULL, 1, 0, 'F', '0', '0', 'system:notice:preview', '#', 'admin', '2023-09-03 20:10:04', 'admin', '2023-09-05 17:34:32', '');
INSERT INTO `sys_menu` VALUES (2021, '通知公告阅读状态更新', 2014, 2, '', NULL, NULL, 1, 0, 'F', '0', '0', 'system:notice:edit', '#', 'admin', '2023-09-05 23:52:29', '', NULL, '');

-- ----------------------------
-- Table structure for sys_notice
-- ----------------------------
DROP TABLE IF EXISTS `sys_notice`;
CREATE TABLE `sys_notice`  (
  `notice_id` int(11) NOT NULL AUTO_INCREMENT COMMENT '公告ID',
  `notice_title` varchar(50) CHARACTER SET utf8mb4 COLLATE utf8mb4_general_ci NOT NULL COMMENT '公告标题',
  `notice_type` char(1) CHARACTER SET utf8mb4 COLLATE utf8mb4_general_ci NOT NULL COMMENT '公告类型（1通知 2公告）',
  `notice_content` longblob NULL COMMENT '公告内容',
  `status` char(1) CHARACTER SET utf8mb4 COLLATE utf8mb4_general_ci NULL DEFAULT '0' COMMENT '公告状态（0正常 1关闭）',
  `user_ids` varchar(255) CHARACTER SET utf8mb4 COLLATE utf8mb4_general_ci NULL DEFAULT NULL COMMENT '通知接收人员ID（0-所有人员）',
  `weight` char(1) CHARACTER SET utf8mb4 COLLATE utf8mb4_general_ci NULL DEFAULT NULL COMMENT '重要等级(权重1-4)',
  `publish_time` datetime NULL DEFAULT NULL COMMENT '发布时间',
  `create_by` varchar(64) CHARACTER SET utf8mb4 COLLATE utf8mb4_general_ci NULL DEFAULT '' COMMENT '创建者',
  `create_time` datetime NULL DEFAULT NULL COMMENT '创建时间',
  `update_by` varchar(64) CHARACTER SET utf8mb4 COLLATE utf8mb4_general_ci NULL DEFAULT '' COMMENT '更新者',
  `update_time` datetime NULL DEFAULT NULL COMMENT '更新时间',
  `remark` varchar(255) CHARACTER SET utf8mb4 COLLATE utf8mb4_general_ci NULL DEFAULT NULL COMMENT '备注',
  PRIMARY KEY (`notice_id`) USING BTREE
) ENGINE = InnoDB AUTO_INCREMENT = 19 CHARACTER SET = utf8mb4 COLLATE = utf8mb4_general_ci COMMENT = '通知公告表' ROW_FORMAT = Dynamic;

-- ----------------------------
-- Records of sys_notice
-- ----------------------------
INSERT INTO `sys_notice` VALUES (1, '温馨提醒：2018-07-01 同乂新版本发布啦', '1', 0x3C703EE696B0E78988E69CACE58685E5AEB93C2F703E, '1', '0', '1', '2023-09-07 21:22:58', 'admin', '2023-08-14 14:46:27', 'admin', '2023-09-07 21:22:58', '管理员');
INSERT INTO `sys_notice` VALUES (2, '维护通知：2018-07-01 同乂系统凌晨维护', '2', 0xE7BBB4E68AA4E58685E5AEB9, '0', '0', '1', NULL, 'admin', '2023-08-14 14:46:27', '', NULL, '管理员');
INSERT INTO `sys_notice` VALUES (10, '同乂管理系统1.0正式发布啦', '3', 0x3C68313E3C7374726F6E6720636C6173733D22716C2D73697A652D6C61726765223EE5908CE4B982E7AEA1E79086E7B3BBE7BB9FE58F91E5B883E595A6213C2F7374726F6E673E3C2F68313E3C703E3C7370616E20636C6173733D22716C2D73697A652D6C61726765223EE69CACE7B3BBE7BB9FE59FBAE4BA8EE88BA5E4BE9DE4BA8CE6ACA1E5BC80E58F91E59CA8E6ADA4E59FBAE7A180E4B88AE8BF9BE8A18CE4BA86E4BC98E58C96E5928CE68F92E4BBB6E58D87E7BAA73C2F7370616E3E3C2F703E3C703E3C62723E3C2F703E3C703E3C62723E3C2F703E3C703E3C62723E3C2F703E3C6F6C3E3C6C693EE58D87E7BAA73C7370616E207374796C653D22636F6C6F723A20726762283233302C20302C2030293B223E6D7962617469733C2F7370616E3EE4B8BA3C7370616E207374796C653D22636F6C6F723A20726762283233302C20302C2030293B223E6D7962617469732D706C75733C2F7370616E3E3C2F6C693E3C2F6F6C3E3C703E3C696D67207372633D222F6465762D6170692F70726F66696C652F75706C6F61642F323032332F30382F32372F315F3230323330383237313535343036413030332E6A7067223E3C696D67207372633D222F6465762D6170692F70726F66696C652F75706C6F61642F323032332F30382F32372FE5908CE4B982E59BA2E9989F5F3230323330383237313535343134413030342E706E67223E3C2F703E, '0', '0', '1', NULL, 'admin', '2023-08-17 23:12:59', 'admin', '2023-09-07 00:04:19', NULL);
INSERT INTO `sys_notice` VALUES (14, 'ceshi', '2', 0x3C703EE9809AE79FA5E6B58BE8AF953C2F703E, '1', '2,100', '2', '2023-09-07 00:08:36', 'admin', '2023-09-04 13:26:36', 'admin', '2023-09-07 00:08:36', NULL);
INSERT INTO `sys_notice` VALUES (17, '同乂管理后台更新啦，通知功能上线啦！', '1', 0x3C703EE9809AE79FA53C2F703E, '1', '0', '4', '2023-09-07 22:22:43', 'admin', '2023-09-05 22:29:24', 'admin', '2023-09-07 22:22:43', NULL);
INSERT INTO `sys_notice` VALUES (18, '上线', '4', 0x3C703EE9809AE79FA53C2F703E, '0', '1,2,100,101', '3', NULL, 'admin', '2023-09-05 22:31:16', 'admin', '2023-09-07 21:01:15', NULL);

-- ----------------------------
-- Table structure for sys_notice_read
-- ----------------------------
DROP TABLE IF EXISTS `sys_notice_read`;
CREATE TABLE `sys_notice_read`  (
  `id` bigint(20) NOT NULL AUTO_INCREMENT COMMENT 'ID编号',
  `notice_id` bigint(20) NULL DEFAULT NULL COMMENT '通知ID',
  `is_read` char(1) CHARACTER SET utf8mb4 COLLATE utf8mb4_general_ci NULL DEFAULT '0' COMMENT '是否已读0-未读，1-已读（当通知/公告为非全体通知时使用）',
  `receiver_id` bigint(20) NULL DEFAULT NULL COMMENT '通知接收者ID（0-全体成员）',
  `del_flag` char(1) CHARACTER SET utf8mb4 COLLATE utf8mb4_general_ci NULL DEFAULT '0' COMMENT '删除标志（0代表存在 2代表删除）',
  `create_by` varchar(64) CHARACTER SET utf8mb4 COLLATE utf8mb4_general_ci NULL DEFAULT '' COMMENT '创建者',
  `create_time` datetime NULL DEFAULT NULL COMMENT '创建时间',
  `update_by` varchar(64) CHARACTER SET utf8mb4 COLLATE utf8mb4_general_ci NULL DEFAULT '' COMMENT '更新者',
  `update_time` datetime NULL DEFAULT NULL COMMENT '更新时间',
  `remark` varchar(500) CHARACTER SET utf8mb4 COLLATE utf8mb4_general_ci NULL DEFAULT '' COMMENT '备注',
  PRIMARY KEY (`id`) USING BTREE,
  INDEX `idx_receiverId`(`is_read`, `receiver_id`) USING BTREE COMMENT '通过是否接受者ID查询未读消息',
  INDEX `uni_id`(`notice_id`, `receiver_id`) USING BTREE COMMENT '设置每条通知每位用户只能记录一次的唯一索引'
) ENGINE = InnoDB AUTO_INCREMENT = 36 CHARACTER SET = utf8mb4 COLLATE = utf8mb4_general_ci COMMENT = '通知公告阅读记录' ROW_FORMAT = Dynamic;

-- ----------------------------
-- Records of sys_notice_read
-- ----------------------------
INSERT INTO `sys_notice_read` VALUES (2, 14, '1', 2, '0', 'admin', '2023-09-07 00:08:39', 'takj', '2023-09-08 01:02:08', '');
INSERT INTO `sys_notice_read` VALUES (3, 14, '1', 100, '0', 'admin', '2023-09-07 00:08:39', 'takjyf', '2023-09-09 16:26:30', '');
INSERT INTO `sys_notice_read` VALUES (30, 17, '1', 2, '0', 'takj', '2023-09-08 00:58:47', '', NULL, '');
INSERT INTO `sys_notice_read` VALUES (31, 1, '1', 2, '0', 'takj', '2023-09-08 00:58:47', '', NULL, '');
INSERT INTO `sys_notice_read` VALUES (32, 17, '1', 100, '0', 'takjyf', '2023-09-09 16:26:30', '', NULL, '');
INSERT INTO `sys_notice_read` VALUES (33, 1, '1', 100, '0', 'takjyf', '2023-09-09 16:26:30', '', NULL, '');
INSERT INTO `sys_notice_read` VALUES (34, 17, '1', 1, '0', 'admin', '2023-09-09 22:09:52', '', NULL, '');
INSERT INTO `sys_notice_read` VALUES (35, 1, '1', 1, '0', 'admin', '2023-10-21 12:55:41', '', NULL, '');

-- ----------------------------
-- Table structure for sys_oper_log
-- ----------------------------
DROP TABLE IF EXISTS `sys_oper_log`;
CREATE TABLE `sys_oper_log`  (
  `oper_id` bigint(20) NOT NULL AUTO_INCREMENT COMMENT '日志主键',
  `title` varchar(50) CHARACTER SET utf8mb4 COLLATE utf8mb4_general_ci NULL DEFAULT '' COMMENT '模块标题',
  `business_type` int(11) NULL DEFAULT 0 COMMENT '业务类型（0其它 1新增 2修改 3删除）',
  `method` varchar(100) CHARACTER SET utf8mb4 COLLATE utf8mb4_general_ci NULL DEFAULT '' COMMENT '方法名称',
  `request_method` varchar(10) CHARACTER SET utf8mb4 COLLATE utf8mb4_general_ci NULL DEFAULT '' COMMENT '请求方式',
  `operator_type` int(11) NULL DEFAULT 0 COMMENT '操作类别（0其它 1后台用户 2手机端用户）',
  `oper_name` varchar(50) CHARACTER SET utf8mb4 COLLATE utf8mb4_general_ci NULL DEFAULT '' COMMENT '操作人员',
  `dept_name` varchar(50) CHARACTER SET utf8mb4 COLLATE utf8mb4_general_ci NULL DEFAULT '' COMMENT '部门名称',
  `oper_url` varchar(255) CHARACTER SET utf8mb4 COLLATE utf8mb4_general_ci NULL DEFAULT '' COMMENT '请求URL',
  `oper_ip` varchar(128) CHARACTER SET utf8mb4 COLLATE utf8mb4_general_ci NULL DEFAULT '' COMMENT '主机地址',
  `oper_location` varchar(255) CHARACTER SET utf8mb4 COLLATE utf8mb4_general_ci NULL DEFAULT '' COMMENT '操作地点',
  `oper_param` varchar(2000) CHARACTER SET utf8mb4 COLLATE utf8mb4_general_ci NULL DEFAULT '' COMMENT '请求参数',
  `json_result` varchar(2000) CHARACTER SET utf8mb4 COLLATE utf8mb4_general_ci NULL DEFAULT '' COMMENT '返回参数',
  `status` int(11) NULL DEFAULT 0 COMMENT '操作状态（0正常 1异常）',
  `error_msg` varchar(2000) CHARACTER SET utf8mb4 COLLATE utf8mb4_general_ci NULL DEFAULT '' COMMENT '错误消息',
  `oper_time` datetime NULL DEFAULT NULL COMMENT '操作时间',
  `cost_time` bigint(20) NULL DEFAULT 0 COMMENT '消耗时间',
  PRIMARY KEY (`oper_id`) USING BTREE,
  INDEX `idx_sys_oper_log_bt`(`business_type`) USING BTREE,
  INDEX `idx_sys_oper_log_s`(`status`) USING BTREE,
  INDEX `idx_sys_oper_log_ot`(`oper_time`) USING BTREE
) ENGINE = InnoDB AUTO_INCREMENT = 21 CHARACTER SET = utf8mb4 COLLATE = utf8mb4_general_ci COMMENT = '操作日志记录' ROW_FORMAT = Dynamic;

-- ----------------------------
-- Records of sys_oper_log
-- ----------------------------

-- ----------------------------
-- Table structure for sys_post
-- ----------------------------
DROP TABLE IF EXISTS `sys_post`;
CREATE TABLE `sys_post`  (
  `post_id` bigint(20) NOT NULL AUTO_INCREMENT COMMENT '岗位ID',
  `post_code` varchar(64) CHARACTER SET utf8mb4 COLLATE utf8mb4_general_ci NOT NULL COMMENT '岗位编码',
  `post_name` varchar(50) CHARACTER SET utf8mb4 COLLATE utf8mb4_general_ci NOT NULL COMMENT '岗位名称',
  `post_sort` int(11) NOT NULL COMMENT '显示顺序',
  `status` char(1) CHARACTER SET utf8mb4 COLLATE utf8mb4_general_ci NOT NULL COMMENT '状态（0正常 1停用）',
  `create_by` varchar(64) CHARACTER SET utf8mb4 COLLATE utf8mb4_general_ci NULL DEFAULT '' COMMENT '创建者',
  `create_time` datetime NULL DEFAULT NULL COMMENT '创建时间',
  `update_by` varchar(64) CHARACTER SET utf8mb4 COLLATE utf8mb4_general_ci NULL DEFAULT '' COMMENT '更新者',
  `update_time` datetime NULL DEFAULT NULL COMMENT '更新时间',
  `remark` varchar(500) CHARACTER SET utf8mb4 COLLATE utf8mb4_general_ci NULL DEFAULT NULL COMMENT '备注',
  PRIMARY KEY (`post_id`) USING BTREE
) ENGINE = InnoDB AUTO_INCREMENT = 6 CHARACTER SET = utf8mb4 COLLATE = utf8mb4_general_ci COMMENT = '岗位信息表' ROW_FORMAT = Dynamic;

-- ----------------------------
-- Records of sys_post
-- ----------------------------
INSERT INTO `sys_post` VALUES (1, 'ceo', '董事长', 1, '0', 'admin', '2023-08-14 14:46:26', '', NULL, '');
INSERT INTO `sys_post` VALUES (2, 'se', '项目经理', 2, '0', 'admin', '2023-08-14 14:46:26', '', NULL, '');
INSERT INTO `sys_post` VALUES (3, 'hr', '人力资源', 3, '0', 'admin', '2023-08-14 14:46:26', '', NULL, '');
INSERT INTO `sys_post` VALUES (4, 'user', '普通员工', 4, '0', 'admin', '2023-08-14 14:46:26', '', NULL, '');
INSERT INTO `sys_post` VALUES (5, 'dev', '研发工程师', 5, '0', 'admin', '2023-08-17 23:19:00', '', NULL, NULL);

-- ----------------------------
-- Table structure for sys_role
-- ----------------------------
DROP TABLE IF EXISTS `sys_role`;
CREATE TABLE `sys_role`  (
  `role_id` bigint(20) NOT NULL AUTO_INCREMENT COMMENT '角色ID',
  `role_name` varchar(30) CHARACTER SET utf8mb4 COLLATE utf8mb4_general_ci NOT NULL COMMENT '角色名称',
  `role_key` varchar(100) CHARACTER SET utf8mb4 COLLATE utf8mb4_general_ci NOT NULL COMMENT '角色权限字符串',
  `role_sort` int(11) NOT NULL COMMENT '显示顺序',
  `data_scope` char(1) CHARACTER SET utf8mb4 COLLATE utf8mb4_general_ci NULL DEFAULT '1' COMMENT '数据范围（1：全部数据权限 2：自定数据权限 3：本部门数据权限 4：本部门及以下数据权限）',
  `menu_check_strictly` tinyint(1) NULL DEFAULT 1 COMMENT '菜单树选择项是否关联显示',
  `dept_check_strictly` tinyint(1) NULL DEFAULT 1 COMMENT '部门树选择项是否关联显示',
  `status` char(1) CHARACTER SET utf8mb4 COLLATE utf8mb4_general_ci NOT NULL COMMENT '角色状态（0正常 1停用）',
  `del_flag` char(1) CHARACTER SET utf8mb4 COLLATE utf8mb4_general_ci NULL DEFAULT '0' COMMENT '删除标志（0代表存在 2代表删除）',
  `create_by` varchar(64) CHARACTER SET utf8mb4 COLLATE utf8mb4_general_ci NULL DEFAULT '' COMMENT '创建者',
  `create_time` datetime NULL DEFAULT NULL COMMENT '创建时间',
  `update_by` varchar(64) CHARACTER SET utf8mb4 COLLATE utf8mb4_general_ci NULL DEFAULT '' COMMENT '更新者',
  `update_time` datetime NULL DEFAULT NULL COMMENT '更新时间',
  `remark` varchar(500) CHARACTER SET utf8mb4 COLLATE utf8mb4_general_ci NULL DEFAULT NULL COMMENT '备注',
  PRIMARY KEY (`role_id`) USING BTREE
) ENGINE = InnoDB AUTO_INCREMENT = 101 CHARACTER SET = utf8mb4 COLLATE = utf8mb4_general_ci COMMENT = '角色信息表' ROW_FORMAT = Dynamic;

-- ----------------------------
-- Records of sys_role
-- ----------------------------
INSERT INTO `sys_role` VALUES (1, '超级管理员', 'admin', 1, '1', 1, 1, '0', '0', 'admin', '2023-08-14 14:46:27', '', NULL, '超级管理员');
INSERT INTO `sys_role` VALUES (2, '普通角色', 'common', 2, '5', 1, 1, '0', '0', 'admin', '2023-08-14 14:46:27', 'admin', '2023-09-05 23:52:45', '普通角色');
INSERT INTO `sys_role` VALUES (100, '开发者(内部)', 'developer', 3, '3', 1, 1, '0', '0', 'admin', '2023-08-17 23:21:04', 'admin', '2023-09-08 01:06:46', NULL);

-- ----------------------------
-- Table structure for sys_role_dept
-- ----------------------------
DROP TABLE IF EXISTS `sys_role_dept`;
CREATE TABLE `sys_role_dept`  (
  `role_id` bigint(20) NOT NULL COMMENT '角色ID',
  `dept_id` bigint(20) NOT NULL COMMENT '部门ID',
  PRIMARY KEY (`role_id`, `dept_id`) USING BTREE
) ENGINE = InnoDB CHARACTER SET = utf8mb4 COLLATE = utf8mb4_general_ci COMMENT = '角色和部门关联表' ROW_FORMAT = Dynamic;

-- ----------------------------
-- Records of sys_role_dept
-- ----------------------------

-- ----------------------------
-- Table structure for sys_role_menu
-- ----------------------------
DROP TABLE IF EXISTS `sys_role_menu`;
CREATE TABLE `sys_role_menu`  (
  `role_id` bigint(20) NOT NULL COMMENT '角色ID',
  `menu_id` bigint(20) NOT NULL COMMENT '菜单ID',
  PRIMARY KEY (`role_id`, `menu_id`) USING BTREE
) ENGINE = InnoDB CHARACTER SET = utf8mb4 COLLATE = utf8mb4_general_ci COMMENT = '角色和菜单关联表' ROW_FORMAT = Dynamic;

-- ----------------------------
-- Records of sys_role_menu
-- ----------------------------
INSERT INTO `sys_role_menu` VALUES (2, 1);
INSERT INTO `sys_role_menu` VALUES (2, 3);
INSERT INTO `sys_role_menu` VALUES (2, 4);
INSERT INTO `sys_role_menu` VALUES (2, 115);
INSERT INTO `sys_role_menu` VALUES (2, 2000);
INSERT INTO `sys_role_menu` VALUES (2, 2001);
INSERT INTO `sys_role_menu` VALUES (2, 2002);
INSERT INTO `sys_role_menu` VALUES (2, 2003);
INSERT INTO `sys_role_menu` VALUES (2, 2004);
INSERT INTO `sys_role_menu` VALUES (2, 2005);
INSERT INTO `sys_role_menu` VALUES (2, 2006);
INSERT INTO `sys_role_menu` VALUES (2, 2007);
INSERT INTO `sys_role_menu` VALUES (2, 2008);
INSERT INTO `sys_role_menu` VALUES (2, 2009);
INSERT INTO `sys_role_menu` VALUES (2, 2010);
INSERT INTO `sys_role_menu` VALUES (2, 2011);
INSERT INTO `sys_role_menu` VALUES (2, 2012);
INSERT INTO `sys_role_menu` VALUES (2, 2014);
INSERT INTO `sys_role_menu` VALUES (2, 2015);
INSERT INTO `sys_role_menu` VALUES (2, 2021);
INSERT INTO `sys_role_menu` VALUES (100, 1);
INSERT INTO `sys_role_menu` VALUES (100, 2);
INSERT INTO `sys_role_menu` VALUES (100, 3);
INSERT INTO `sys_role_menu` VALUES (100, 4);
INSERT INTO `sys_role_menu` VALUES (100, 100);
INSERT INTO `sys_role_menu` VALUES (100, 101);
INSERT INTO `sys_role_menu` VALUES (100, 102);
INSERT INTO `sys_role_menu` VALUES (100, 103);
INSERT INTO `sys_role_menu` VALUES (100, 104);
INSERT INTO `sys_role_menu` VALUES (100, 105);
INSERT INTO `sys_role_menu` VALUES (100, 106);
INSERT INTO `sys_role_menu` VALUES (100, 107);
INSERT INTO `sys_role_menu` VALUES (100, 108);
INSERT INTO `sys_role_menu` VALUES (100, 109);
INSERT INTO `sys_role_menu` VALUES (100, 110);
INSERT INTO `sys_role_menu` VALUES (100, 111);
INSERT INTO `sys_role_menu` VALUES (100, 112);
INSERT INTO `sys_role_menu` VALUES (100, 113);
INSERT INTO `sys_role_menu` VALUES (100, 114);
INSERT INTO `sys_role_menu` VALUES (100, 115);
INSERT INTO `sys_role_menu` VALUES (100, 116);
INSERT INTO `sys_role_menu` VALUES (100, 117);
INSERT INTO `sys_role_menu` VALUES (100, 500);
INSERT INTO `sys_role_menu` VALUES (100, 501);
INSERT INTO `sys_role_menu` VALUES (100, 1000);
INSERT INTO `sys_role_menu` VALUES (100, 1001);
INSERT INTO `sys_role_menu` VALUES (100, 1002);
INSERT INTO `sys_role_menu` VALUES (100, 1003);
INSERT INTO `sys_role_menu` VALUES (100, 1004);
INSERT INTO `sys_role_menu` VALUES (100, 1005);
INSERT INTO `sys_role_menu` VALUES (100, 1006);
INSERT INTO `sys_role_menu` VALUES (100, 1007);
INSERT INTO `sys_role_menu` VALUES (100, 1008);
INSERT INTO `sys_role_menu` VALUES (100, 1009);
INSERT INTO `sys_role_menu` VALUES (100, 1010);
INSERT INTO `sys_role_menu` VALUES (100, 1011);
INSERT INTO `sys_role_menu` VALUES (100, 1012);
INSERT INTO `sys_role_menu` VALUES (100, 1013);
INSERT INTO `sys_role_menu` VALUES (100, 1014);
INSERT INTO `sys_role_menu` VALUES (100, 1015);
INSERT INTO `sys_role_menu` VALUES (100, 1016);
INSERT INTO `sys_role_menu` VALUES (100, 1017);
INSERT INTO `sys_role_menu` VALUES (100, 1018);
INSERT INTO `sys_role_menu` VALUES (100, 1019);
INSERT INTO `sys_role_menu` VALUES (100, 1020);
INSERT INTO `sys_role_menu` VALUES (100, 1021);
INSERT INTO `sys_role_menu` VALUES (100, 1022);
INSERT INTO `sys_role_menu` VALUES (100, 1023);
INSERT INTO `sys_role_menu` VALUES (100, 1024);
INSERT INTO `sys_role_menu` VALUES (100, 1025);
INSERT INTO `sys_role_menu` VALUES (100, 1026);
INSERT INTO `sys_role_menu` VALUES (100, 1027);
INSERT INTO `sys_role_menu` VALUES (100, 1028);
INSERT INTO `sys_role_menu` VALUES (100, 1029);
INSERT INTO `sys_role_menu` VALUES (100, 1030);
INSERT INTO `sys_role_menu` VALUES (100, 1031);
INSERT INTO `sys_role_menu` VALUES (100, 1032);
INSERT INTO `sys_role_menu` VALUES (100, 1033);
INSERT INTO `sys_role_menu` VALUES (100, 1034);
INSERT INTO `sys_role_menu` VALUES (100, 1035);
INSERT INTO `sys_role_menu` VALUES (100, 1036);
INSERT INTO `sys_role_menu` VALUES (100, 1037);
INSERT INTO `sys_role_menu` VALUES (100, 1038);
INSERT INTO `sys_role_menu` VALUES (100, 1039);
INSERT INTO `sys_role_menu` VALUES (100, 1040);
INSERT INTO `sys_role_menu` VALUES (100, 1041);
INSERT INTO `sys_role_menu` VALUES (100, 1042);
INSERT INTO `sys_role_menu` VALUES (100, 1043);
INSERT INTO `sys_role_menu` VALUES (100, 1044);
INSERT INTO `sys_role_menu` VALUES (100, 1045);
INSERT INTO `sys_role_menu` VALUES (100, 1046);
INSERT INTO `sys_role_menu` VALUES (100, 1047);
INSERT INTO `sys_role_menu` VALUES (100, 1048);
INSERT INTO `sys_role_menu` VALUES (100, 1049);
INSERT INTO `sys_role_menu` VALUES (100, 1050);
INSERT INTO `sys_role_menu` VALUES (100, 1051);
INSERT INTO `sys_role_menu` VALUES (100, 1052);
INSERT INTO `sys_role_menu` VALUES (100, 1053);
INSERT INTO `sys_role_menu` VALUES (100, 1054);
INSERT INTO `sys_role_menu` VALUES (100, 1055);
INSERT INTO `sys_role_menu` VALUES (100, 1056);
INSERT INTO `sys_role_menu` VALUES (100, 1057);
INSERT INTO `sys_role_menu` VALUES (100, 1058);
INSERT INTO `sys_role_menu` VALUES (100, 1059);
INSERT INTO `sys_role_menu` VALUES (100, 1060);
INSERT INTO `sys_role_menu` VALUES (100, 2000);
INSERT INTO `sys_role_menu` VALUES (100, 2001);
INSERT INTO `sys_role_menu` VALUES (100, 2002);
INSERT INTO `sys_role_menu` VALUES (100, 2003);
INSERT INTO `sys_role_menu` VALUES (100, 2004);
INSERT INTO `sys_role_menu` VALUES (100, 2005);
INSERT INTO `sys_role_menu` VALUES (100, 2006);
INSERT INTO `sys_role_menu` VALUES (100, 2007);
INSERT INTO `sys_role_menu` VALUES (100, 2008);
INSERT INTO `sys_role_menu` VALUES (100, 2009);
INSERT INTO `sys_role_menu` VALUES (100, 2010);
INSERT INTO `sys_role_menu` VALUES (100, 2011);
INSERT INTO `sys_role_menu` VALUES (100, 2012);
INSERT INTO `sys_role_menu` VALUES (100, 2013);
INSERT INTO `sys_role_menu` VALUES (100, 2014);
INSERT INTO `sys_role_menu` VALUES (100, 2015);
INSERT INTO `sys_role_menu` VALUES (100, 2021);

-- ----------------------------
-- Table structure for sys_user
-- ----------------------------
DROP TABLE IF EXISTS `sys_user`;
CREATE TABLE `sys_user`  (
  `user_id` bigint(20) NOT NULL AUTO_INCREMENT COMMENT '用户ID',
  `dept_id` bigint(20) NULL DEFAULT NULL COMMENT '部门ID',
  `user_name` varchar(30) CHARACTER SET utf8mb4 COLLATE utf8mb4_general_ci NOT NULL COMMENT '用户账号',
  `nick_name` varchar(30) CHARACTER SET utf8mb4 COLLATE utf8mb4_general_ci NOT NULL COMMENT '用户昵称',
  `user_type` varchar(2) CHARACTER SET utf8mb4 COLLATE utf8mb4_general_ci NULL DEFAULT '00' COMMENT '用户类型（00系统用户）',
  `email` varchar(50) CHARACTER SET utf8mb4 COLLATE utf8mb4_general_ci NULL DEFAULT '' COMMENT '用户邮箱',
  `phonenumber` varchar(11) CHARACTER SET utf8mb4 COLLATE utf8mb4_general_ci NULL DEFAULT '' COMMENT '手机号码',
  `sex` char(1) CHARACTER SET utf8mb4 COLLATE utf8mb4_general_ci NULL DEFAULT '0' COMMENT '用户性别（0男 1女 2未知）',
  `avatar` varchar(100) CHARACTER SET utf8mb4 COLLATE utf8mb4_general_ci NULL DEFAULT '' COMMENT '头像地址',
  `password` varchar(100) CHARACTER SET utf8mb4 COLLATE utf8mb4_general_ci NULL DEFAULT '' COMMENT '密码',
  `status` char(1) CHARACTER SET utf8mb4 COLLATE utf8mb4_general_ci NULL DEFAULT '0' COMMENT '帐号状态（0正常 1停用）',
  `del_flag` char(1) CHARACTER SET utf8mb4 COLLATE utf8mb4_general_ci NULL DEFAULT '0' COMMENT '删除标志（0代表存在 2代表删除）',
  `login_ip` varchar(128) CHARACTER SET utf8mb4 COLLATE utf8mb4_general_ci NULL DEFAULT '' COMMENT '最后登录IP',
  `login_date` datetime NULL DEFAULT NULL COMMENT '最后登录时间',
  `create_by` varchar(64) CHARACTER SET utf8mb4 COLLATE utf8mb4_general_ci NULL DEFAULT '' COMMENT '创建者',
  `create_time` datetime NULL DEFAULT NULL COMMENT '创建时间',
  `update_by` varchar(64) CHARACTER SET utf8mb4 COLLATE utf8mb4_general_ci NULL DEFAULT '' COMMENT '更新者',
  `update_time` datetime NULL DEFAULT NULL COMMENT '更新时间',
  `remark` varchar(500) CHARACTER SET utf8mb4 COLLATE utf8mb4_general_ci NULL DEFAULT NULL COMMENT '备注',
  PRIMARY KEY (`user_id`) USING BTREE
) ENGINE = InnoDB AUTO_INCREMENT = 102 CHARACTER SET = utf8mb4 COLLATE = utf8mb4_general_ci COMMENT = '用户信息表' ROW_FORMAT = Dynamic;

-- ----------------------------
-- Records of sys_user
-- ----------------------------
INSERT INTO `sys_user` VALUES (1, 100, 'admin', '同乂', '00', 'tongaiwangluo@takj.com', '18856436537', '1', '/profile/avatar/2023/10/20/blob_20231020231224A001.png', '$2a$10$7JB720yubVSZvUI0rEqK/.VqGOZTH.ulu33dHOiBE8ByOhJIrdAu2', '0', '0', '117.64.124.140', '2023-10-28 12:47:21', 'admin', '2023-08-14 14:46:26', '', '2023-10-28 12:47:21', '管理员');
INSERT INTO `sys_user` VALUES (2, 102, 'takj', '同乂科技', '00', 'tongaikeji@takj.com', '15666666666', '0', '', '$2a$10$7JB720yubVSZvUI0rEqK/.VqGOZTH.ulu33dHOiBE8ByOhJIrdAu2', '0', '0', '127.0.0.1', '2023-10-12 22:22:01', 'admin', '2023-08-14 14:46:26', 'admin', '2023-10-12 22:22:00', '测试员');
INSERT INTO `sys_user` VALUES (100, 103, 'takjyf', '同乂开发工程师', '00', '', '', '0', '', '$2a$10$csdaq8VU5Ef6yJpgjlzXierdmgLPV2ehD.UnFbrYwdnnCqOZsv6vW', '0', '0', '127.0.0.1', '2023-09-09 16:26:14', 'admin', '2023-08-17 23:18:00', 'admin', '2023-09-09 16:26:14', '研发工程师');
INSERT INTO `sys_user` VALUES (101, 108, 'takjss', '同乂销售', '00', '', '', '1', '', '$2a$10$WAPNcQPVVRhHhGQr.OG0yuWotMOyKqbwlokrhfeW0GgtT2YlYc7Va', '0', '0', '127.0.0.1', '2023-09-08 01:05:06', 'admin', '2023-08-17 23:22:56', '', '2023-09-08 01:05:05', NULL);

-- ----------------------------
-- Table structure for sys_user_post
-- ----------------------------
DROP TABLE IF EXISTS `sys_user_post`;
CREATE TABLE `sys_user_post`  (
  `user_id` bigint(20) NOT NULL COMMENT '用户ID',
  `post_id` bigint(20) NOT NULL COMMENT '岗位ID',
  PRIMARY KEY (`user_id`, `post_id`) USING BTREE
) ENGINE = InnoDB CHARACTER SET = utf8mb4 COLLATE = utf8mb4_general_ci COMMENT = '用户与岗位关联表' ROW_FORMAT = Dynamic;

-- ----------------------------
-- Records of sys_user_post
-- ----------------------------
INSERT INTO `sys_user_post` VALUES (1, 1);
INSERT INTO `sys_user_post` VALUES (2, 5);
INSERT INTO `sys_user_post` VALUES (100, 5);
INSERT INTO `sys_user_post` VALUES (101, 4);

-- ----------------------------
-- Table structure for sys_user_role
-- ----------------------------
DROP TABLE IF EXISTS `sys_user_role`;
CREATE TABLE `sys_user_role`  (
  `user_id` bigint(20) NOT NULL COMMENT '用户ID',
  `role_id` bigint(20) NOT NULL COMMENT '角色ID',
  PRIMARY KEY (`user_id`, `role_id`) USING BTREE
) ENGINE = InnoDB CHARACTER SET = utf8mb4 COLLATE = utf8mb4_general_ci COMMENT = '用户和角色关联表' ROW_FORMAT = Dynamic;

-- ----------------------------
-- Records of sys_user_role
-- ----------------------------
INSERT INTO `sys_user_role` VALUES (1, 1);
INSERT INTO `sys_user_role` VALUES (2, 2);
INSERT INTO `sys_user_role` VALUES (100, 100);
INSERT INTO `sys_user_role` VALUES (101, 2);

-- ----------------------------
-- Table structure for takj_customer_tags
-- ----------------------------
DROP TABLE IF EXISTS `takj_customer_tags`;
CREATE TABLE `takj_customer_tags`  (
  `tag_id` bigint(20) NOT NULL AUTO_INCREMENT COMMENT '标签ID',
  `cus_id` bigint(20) NULL DEFAULT NULL COMMENT '客户ID',
  `tag_name` varchar(32) CHARACTER SET utf8mb4 COLLATE utf8mb4_general_ci NULL DEFAULT NULL COMMENT '标签',
  `user_id` bigint(20) NULL DEFAULT NULL COMMENT '数据所属人ID',
  `dept_id` bigint(20) NULL DEFAULT NULL COMMENT '部门ID',
  `del_flag` char(1) CHARACTER SET utf8mb4 COLLATE utf8mb4_general_ci NULL DEFAULT '0' COMMENT '删除标志（0代表存在 2代表删除）',
  `create_by` varchar(64) CHARACTER SET utf8mb4 COLLATE utf8mb4_general_ci NULL DEFAULT '' COMMENT '创建者',
  `create_time` datetime NULL DEFAULT NULL COMMENT '创建时间',
  `update_by` varchar(64) CHARACTER SET utf8mb4 COLLATE utf8mb4_general_ci NULL DEFAULT '' COMMENT '更新者',
  `update_time` datetime NULL DEFAULT NULL COMMENT '更新时间',
  `remark` varchar(500) CHARACTER SET utf8mb4 COLLATE utf8mb4_general_ci NULL DEFAULT '' COMMENT '备注',
  PRIMARY KEY (`tag_id`) USING BTREE
) ENGINE = InnoDB AUTO_INCREMENT = 2 CHARACTER SET = utf8mb4 COLLATE = utf8mb4_general_ci COMMENT = '客户标签' ROW_FORMAT = Dynamic;

-- ----------------------------
-- Records of takj_customer_tags
-- ----------------------------
INSERT INTO `takj_customer_tags` VALUES (1, NULL, '同乂科技公司', 1, 103, '0', 'admin', '2023-08-24 17:34:45', 'admin', '2023-08-24 17:35:17', '互联网');

-- ----------------------------
-- Table structure for takj_customers
-- ----------------------------
DROP TABLE IF EXISTS `takj_customers`;
CREATE TABLE `takj_customers`  (
  `cus_id` bigint(20) NOT NULL AUTO_INCREMENT COMMENT ' 客户ID',
  `cus_name` varchar(32) CHARACTER SET utf8mb4 COLLATE utf8mb4_general_ci NULL DEFAULT NULL COMMENT '客户姓名',
  `cus_phone` varchar(64) CHARACTER SET utf8mb4 COLLATE utf8mb4_general_ci NULL DEFAULT NULL COMMENT '客户手机号',
  `user_id` bigint(20) NULL DEFAULT NULL COMMENT '数据所属人ID',
  `dept_id` bigint(20) NULL DEFAULT NULL COMMENT '部门ID',
  `del_flag` char(1) CHARACTER SET utf8mb4 COLLATE utf8mb4_general_ci NULL DEFAULT '0' COMMENT '删除标志（0代表存在 2代表删除）',
  `create_by` varchar(64) CHARACTER SET utf8mb4 COLLATE utf8mb4_general_ci NULL DEFAULT '' COMMENT '创建者',
  `create_time` datetime NULL DEFAULT NULL COMMENT '创建时间',
  `update_by` varchar(64) CHARACTER SET utf8mb4 COLLATE utf8mb4_general_ci NULL DEFAULT '' COMMENT '更新者',
  `update_time` datetime NULL DEFAULT NULL COMMENT '更新时间',
  `remark` varchar(500) CHARACTER SET utf8mb4 COLLATE utf8mb4_general_ci NULL DEFAULT '' COMMENT '备注',
  PRIMARY KEY (`cus_id`) USING BTREE
) ENGINE = InnoDB AUTO_INCREMENT = 4 CHARACTER SET = utf8mb4 COLLATE = utf8mb4_general_ci COMMENT = '客户基础信息' ROW_FORMAT = Dynamic;

-- ----------------------------
-- Records of takj_customers
-- ----------------------------
INSERT INTO `takj_customers` VALUES (1, '战驴科技', '18827387789', 1, 103, '0', '', '2023-08-14 16:41:15', '', NULL, '战驴科技');
INSERT INTO `takj_customers` VALUES (2, '企搜杭州', '18565545655', 2, 108, '0', 'takj', '2023-08-17 20:17:33', 'admin', '2023-08-18 00:18:25', '企搜（杭州）信息网络技术有限公司');
INSERT INTO `takj_customers` VALUES (3, '陈总', '18856436537', 2, 108, '0', 'takj', '2023-08-17 23:27:34', 'admin', '2023-08-18 00:18:06', '同乂网络开发中心陈总');

SET FOREIGN_KEY_CHECKS = 1;
